timestamp,overall_score,neck_alignment,shoulder_level,forward_head,spine_straight,body_lean,feedback_count,has_issues
2025-06-10T20:13:16.695606,100,100,100,100,100,100,0,False
2025-06-10T20:13:16.717332,100,100,100,100,100,100,0,False
2025-06-10T20:13:16.748275,100,100,100,100,100,100,0,False
2025-06-10T20:13:16.794515,100,100,100,100,100,100,0,False
2025-06-10T20:13:16.842061,100,100,100,100,100,100,0,False
2025-06-10T20:13:16.887598,100,100,100,100,100,100,0,False
2025-06-10T20:13:16.934684,100,100,100,100,100,100,0,False
2025-06-10T20:13:16.980257,100,100,100,100,100,100,0,False
2025-06-10T20:13:17.011764,100,100,100,100,100,100,0,False
2025-06-10T20:13:17.073471,100,100,100,100,100,100,0,False
2025-06-10T20:13:17.105108,100,100,100,100,100,100,0,False
2025-06-10T20:13:17.151526,100,100,100,100,100,100,0,False
2025-06-10T20:13:17.198752,100,100,100,100,100,100,0,False
2025-06-10T20:13:17.245590,100,100,100,100,100,100,0,False
2025-06-10T20:13:17.292251,100,100,100,100,100,100,0,False
2025-06-10T20:13:17.324350,100,100,100,100,100,100,0,False
2025-06-10T20:13:17.354242,100,100,100,100,100,100,0,False
2025-06-10T20:13:17.401020,100,100,100,100,100,100,0,False
2025-06-10T20:13:17.448295,100,100,100,100,100,100,0,False
2025-06-10T20:13:17.479784,100,100,100,100,100,100,0,False
2025-06-10T20:13:17.525270,100,100,100,100,100,100,0,False
2025-06-10T20:13:17.571343,100,100,100,100,100,100,0,False
2025-06-10T20:13:17.603213,100,100,100,100,100,100,0,False
2025-06-10T20:13:17.650058,100,100,100,100,100,100,0,False
2025-06-10T20:13:17.681722,100,100,100,100,100,100,0,False
2025-06-10T20:13:17.728399,100,100,100,100,100,100,0,False
2025-06-10T20:13:17.774932,100,100,100,100,100,100,0,False
2025-06-10T20:13:17.805935,100,100,100,100,100,100,0,False
2025-06-10T20:13:17.837454,100,100,100,100,100,100,0,False
2025-06-10T20:13:17.883655,100,100,100,100,100,100,0,False
2025-06-10T20:13:17.915352,100,100,100,100,100,100,0,False
2025-06-10T20:13:17.961632,100,100,100,100,100,100,0,False
2025-06-10T20:13:17.992479,100,100,100,100,100,100,0,False
2025-06-10T20:13:18.040437,100,100,100,100,100,100,0,False
2025-06-10T20:13:18.071624,100,100,100,100,100,100,0,False
2025-06-10T20:13:18.102367,100,100,100,100,100,100,0,False
2025-06-10T20:13:18.132841,100,100,100,100,100,100,0,False
2025-06-10T20:13:18.194603,100,100,100,100,100,100,0,False
2025-06-10T20:13:18.225681,100,100,100,100,100,100,0,False
2025-06-10T20:13:18.240626,100,100,100,100,100,100,0,False
2025-06-10T20:13:18.302721,100,100,100,100,100,100,0,False
2025-06-10T20:13:18.334319,100,100,100,100,100,100,0,False
2025-06-10T20:13:18.350203,100,100,100,100,100,100,0,False
2025-06-10T20:13:18.397488,100,100,100,100,100,100,0,False
2025-06-10T20:13:18.443262,100,100,100,100,100,100,0,False
2025-06-10T20:13:18.475338,100,100,100,100,100,100,0,False
2025-06-10T20:13:18.506183,100,100,100,100,100,100,0,False
2025-06-10T20:13:18.551558,100,100,100,100,100,100,0,False
2025-06-10T20:13:18.597337,100,100,100,100,100,100,0,False
2025-06-10T20:13:18.628219,100,100,100,100,100,100,0,False
2025-06-10T20:13:18.659086,100,100,100,100,100,100,0,False
2025-06-10T20:13:18.689536,100,100,100,100,100,100,0,False
2025-06-10T20:13:18.720051,100,100,100,100,100,100,0,False
2025-06-10T20:13:18.750434,100,100,100,100,100,100,0,False
2025-06-10T20:13:18.797367,100,100,100,100,100,100,0,False
2025-06-10T20:13:18.843505,100,100,100,100,100,100,0,False
2025-06-10T20:13:18.873651,100,100,100,100,100,100,0,False
2025-06-10T20:13:18.904713,100,100,100,100,100,100,0,False
2025-06-10T20:13:18.935340,100,100,100,100,100,100,0,False
2025-06-10T20:13:18.967261,100,100,100,100,100,100,0,False
2025-06-10T20:13:18.998362,100,100,100,100,100,100,0,False
2025-06-10T20:13:19.029822,100,100,100,100,100,100,0,False
2025-06-10T20:13:19.060593,100,100,100,100,100,100,0,False
2025-06-10T20:13:19.107526,100,100,100,100,100,100,0,False
2025-06-10T20:13:19.154164,100,100,100,100,100,100,0,False
2025-06-10T20:13:19.185159,100,100,100,100,100,100,0,False
2025-06-10T20:13:19.216143,100,100,100,100,100,100,0,False
2025-06-10T20:13:19.247477,100,100,100,100,100,100,0,False
2025-06-10T20:13:19.278536,100,100,100,100,100,100,0,False
2025-06-10T20:13:19.324079,100,100,100,100,100,100,0,False
2025-06-10T20:13:19.371047,100,100,100,100,100,100,0,False
2025-06-10T20:13:19.402807,100,100,100,100,100,100,0,False
2025-06-10T20:13:19.433179,100,100,100,100,100,100,0,False
2025-06-10T20:13:19.478423,100,100,100,100,100,100,0,False
2025-06-10T20:13:19.509315,100,100,100,100,100,100,0,False
2025-06-10T20:13:19.554559,100,100,100,100,100,100,0,False
2025-06-10T20:13:19.600606,100,100,100,100,100,100,0,False
2025-06-10T20:13:19.630999,100,100,100,100,100,100,0,False
2025-06-10T20:13:19.661608,100,100,100,100,100,100,0,False
2025-06-10T20:13:19.692369,100,100,100,100,100,100,0,False
2025-06-10T20:13:19.707362,100,100,100,100,100,100,0,False
2025-06-10T20:13:19.752601,100,100,100,100,100,100,0,False
2025-06-10T20:13:19.799372,100,100,100,100,100,100,0,False
2025-06-10T20:13:19.830488,100,100,100,100,100,100,0,False
2025-06-10T20:13:19.861126,100,100,100,100,100,100,0,False
2025-06-10T20:13:19.891220,100,100,100,100,100,100,0,False
2025-06-10T20:13:19.923161,100,100,100,100,100,100,0,False
2025-06-10T20:13:19.955141,100,100,100,100,100,100,0,False
2025-06-10T20:13:20.000961,100,100,100,100,100,100,0,False
2025-06-10T20:13:20.032532,100,100,100,100,100,100,0,False
2025-06-10T20:13:20.063498,100,100,100,100,100,100,0,False
2025-06-10T20:13:20.094447,100,100,100,100,100,100,0,False
2025-06-10T20:13:20.125097,100,100,100,100,100,100,0,False
2025-06-10T20:13:20.155433,100,100,100,100,100,100,0,False
2025-06-10T20:13:20.186379,100,100,100,100,100,100,0,False
2025-06-10T20:13:20.201186,100,100,100,100,100,100,0,False
2025-06-10T20:13:20.262289,100,100,100,100,100,100,0,False
2025-06-10T20:13:20.293816,100,100,100,100,100,100,0,False
2025-06-10T20:13:20.324631,100,100,100,100,100,100,0,False
2025-06-10T20:13:20.355204,100,100,100,100,100,100,0,False
2025-06-10T20:13:20.401328,100,100,100,100,100,100,0,False
2025-06-10T20:13:20.432554,100,100,100,100,100,100,0,False
2025-06-10T20:13:20.477989,100,100,100,100,100,100,0,False
2025-06-10T20:13:20.508619,100,100,100,100,100,100,0,False
2025-06-10T20:13:20.523893,100,100,100,100,100,100,0,False
2025-06-10T20:13:20.569912,100,100,100,100,100,100,0,False
2025-06-10T20:13:20.600674,100,100,100,100,100,100,0,False
2025-06-10T20:13:20.631111,100,100,100,100,100,100,0,False
2025-06-10T20:13:20.646326,100,100,100,100,100,100,0,False
2025-06-10T20:13:20.707724,100,100,100,100,100,100,0,False
2025-06-10T20:13:20.723577,100,100,100,100,100,100,0,False
2025-06-10T20:13:20.768975,100,100,100,100,100,100,0,False
2025-06-10T20:13:20.799247,100,100,100,100,100,100,0,False
2025-06-10T20:13:20.830536,100,100,100,100,100,100,0,False
2025-06-10T20:13:20.877238,100,100,100,100,100,100,0,False
2025-06-10T20:13:20.908359,100,100,100,100,100,100,0,False
2025-06-10T20:13:20.939650,100,100,100,100,100,100,0,False
2025-06-10T20:13:20.970020,100,100,100,100,100,100,0,False
2025-06-10T20:13:21.000888,100,100,100,100,100,100,0,False
2025-06-10T20:13:21.032372,100,100,100,100,100,100,0,False
2025-06-10T20:13:21.078269,100,100,100,100,100,100,0,False
2025-06-10T20:13:21.109202,100,100,100,100,100,100,0,False
2025-06-10T20:13:21.139386,100,100,100,100,100,100,0,False
2025-06-10T20:13:21.170503,100,100,100,100,100,100,0,False
2025-06-10T20:13:21.200932,100,100,100,100,100,100,0,False
2025-06-10T20:13:21.248353,100,100,100,100,100,100,0,False
2025-06-10T20:13:21.279566,100,100,100,100,100,100,0,False
2025-06-10T20:13:21.309527,100,100,100,100,100,100,0,False
2025-06-10T20:13:21.324987,100,100,100,100,100,100,0,False
2025-06-10T20:13:21.355741,100,100,100,100,100,100,0,False
2025-06-10T20:13:21.386259,100,100,100,100,100,100,0,False
2025-06-10T20:13:21.401320,100,100,100,100,100,100,0,False
2025-06-10T20:13:21.448239,100,100,100,100,100,100,0,False
2025-06-10T20:13:21.494284,100,100,100,100,100,100,0,False
2025-06-10T20:13:21.541002,100,100,100,100,100,100,0,False
2025-06-10T20:13:21.572482,100,100,100,100,100,100,0,False
2025-06-10T20:13:21.603803,88,100,44.433510303497314,100,100,100,1,True
2025-06-10T20:13:21.634473,88,100,40,100,100,100,1,True
2025-06-10T20:13:21.665522,88,100,40,100,100,100,1,True
2025-06-10T20:13:21.711270,88,100,40,100,100,100,1,True
2025-06-10T20:13:21.726152,88,100,40,100,100,100,1,True
2025-06-10T20:13:21.757394,88,100,40,100,100,100,1,True
2025-06-10T20:13:21.802299,88,100,40,100,100,100,1,True
2025-06-10T20:13:21.849684,88,100,40,100,100,100,1,True
2025-06-10T20:13:21.880861,88,100,40,100,100,100,1,True
2025-06-10T20:13:21.911720,88,100,40,100,100,100,1,True
2025-06-10T20:13:21.942512,88,100,40,100,100,100,1,True
2025-06-10T20:13:22.005551,88,100,40,100,100,100,1,True
2025-06-10T20:13:22.037347,88,100,40,100,100,100,1,True
2025-06-10T20:13:22.067538,88,100,40,100,100,100,1,True
2025-06-10T20:13:22.113405,88,100,40,100,100,100,1,True
2025-06-10T20:13:22.159549,88,100,40,100,100,100,1,True
2025-06-10T20:13:22.191219,88,100,40,100,100,100,1,True
2025-06-10T20:13:22.221324,88,100,40,100,100,100,1,True
2025-06-10T20:13:22.268155,88,100,40,100,100,100,1,True
2025-06-10T20:13:22.298768,88,100,40,100,100,100,1,True
2025-06-10T20:13:22.329812,88,100,40,100,100,100,1,True
2025-06-10T20:13:22.360629,88,100,40,100,100,100,1,True
2025-06-10T20:13:22.407497,88,100,40,100,100,100,1,True
2025-06-10T20:13:22.438318,88,100,40,100,100,100,1,True
2025-06-10T20:13:22.468894,88,100,40,100,100,100,1,True
2025-06-10T20:13:22.515281,88,100,40,100,100,100,1,True
2025-06-10T20:13:22.545464,88,100,40,100,100,100,1,True
2025-06-10T20:13:22.576309,88,100,40,100,100,100,1,True
2025-06-10T20:13:22.607418,88,100,40,100,100,100,1,True
2025-06-10T20:13:22.654441,88,100,40,100,100,100,1,True
2025-06-10T20:13:22.685567,88,100,40,100,100,100,1,True
2025-06-10T20:13:22.715911,88,100,40,100,100,100,1,True
2025-06-10T20:13:22.761921,88,100,40,100,100,100,1,True
2025-06-10T20:13:22.807464,88,100,40,100,100,100,1,True
2025-06-10T20:13:22.838446,88,100,40,100,100,100,1,True
2025-06-10T20:13:22.853458,88,100,40,100,100,100,1,True
2025-06-10T20:13:22.914645,88,100,40,100,100,100,1,True
2025-06-10T20:13:22.960909,88,100,40,100,100,100,1,True
2025-06-10T20:13:22.992560,88,100,40,100,100,100,1,True
2025-06-10T20:13:23.023181,88,100,40,100,100,100,1,True
2025-06-10T20:13:23.069761,88,100,40,100,100,100,1,True
2025-06-10T20:13:23.100746,88,100,40,100,100,100,1,True
2025-06-10T20:13:23.132466,88,100,40,100,100,100,1,True
2025-06-10T20:13:23.163857,88,100,40,100,100,100,1,True
2025-06-10T20:13:23.210660,88,100,40,100,100,100,1,True
2025-06-10T20:13:23.225352,88,100,40,100,100,100,1,True
2025-06-10T20:13:23.271279,88,100,40,100,100,100,1,True
2025-06-10T20:13:23.302192,88,100,40,100,100,100,1,True
2025-06-10T20:13:23.317267,88,100,40,100,100,100,1,True
2025-06-10T20:13:23.363532,88,100,40,100,100,100,1,True
2025-06-10T20:13:23.409314,88,100,40,100,100,100,1,True
2025-06-10T20:13:23.440047,88,100,40,100,100,100,1,True
2025-06-10T20:13:23.486178,88,100,40,100,100,100,1,True
2025-06-10T20:13:23.501316,88,100,40,100,100,100,1,True
2025-06-10T20:13:23.548163,88,100,40,100,100,100,1,True
2025-06-10T20:13:23.609972,88,100,40,100,100,100,1,True
2025-06-10T20:13:23.656573,88,100,40,100,100,100,1,True
2025-06-10T20:13:23.688400,88,100,40,100,100,100,1,True
2025-06-10T20:13:23.719919,88,100,40,100,100,100,1,True
2025-06-10T20:13:23.750805,88,100,40,100,100,100,1,True
2025-06-10T20:13:23.782572,88,100,40,100,100,100,1,True
2025-06-10T20:13:23.813492,88,100,40,100,100,100,1,True
2025-06-10T20:13:23.859984,88,100,40,100,100,100,1,True
2025-06-10T20:13:23.905815,88,100,40,100,100,100,1,True
2025-06-10T20:13:23.937163,88,100,40,100,100,100,1,True
2025-06-10T20:13:23.952791,88,100,40,100,100,100,1,True
2025-06-10T20:13:24.014325,88,100,40,100,100,100,1,True
2025-06-10T20:13:24.045096,88,100,40,100,100,100,1,True
2025-06-10T20:13:24.075780,88,100,40,100,100,100,1,True
2025-06-10T20:13:24.122500,88,100,40,100,100,100,1,True
2025-06-10T20:13:24.153204,88,100,40,100,100,100,1,True
2025-06-10T20:13:24.184120,88,100,40,100,100,100,1,True
2025-06-10T20:13:24.215052,88,100,40,100,100,100,1,True
2025-06-10T20:13:24.245801,88,100,40,100,100,100,1,True
2025-06-10T20:13:24.275990,88,100,40,100,100,100,1,True
2025-06-10T20:13:24.307543,88,100,40,100,100,100,1,True
2025-06-10T20:13:24.354748,88,100,40,100,100,100,1,True
2025-06-10T20:13:24.401725,88,100,40,100,100,100,1,True
2025-06-10T20:13:24.417470,88,100,40,100,100,100,1,True
2025-06-10T20:13:24.449138,88,100,40,100,100,100,1,True
2025-06-10T20:13:24.511341,88,100,40,100,100,100,1,True
2025-06-10T20:13:24.542479,88,100,40,100,100,100,1,True
2025-06-10T20:13:24.573156,88,100,40,100,100,100,1,True
2025-06-10T20:13:24.604475,88,100,40,100,100,100,1,True
2025-06-10T20:13:24.635633,88,100,40,100,100,100,1,True
2025-06-10T20:13:24.666385,88,100,40,100,100,100,1,True
2025-06-10T20:13:24.697350,88,100,40,100,100,100,1,True
2025-06-10T20:13:24.727273,88,100,40,100,100,100,1,True
2025-06-10T20:13:24.742450,88,100,40,100,100,100,1,True
2025-06-10T20:13:24.819779,88,100,40,100,100,100,1,True
2025-06-10T20:13:24.850954,88,100,40,100,100,100,1,True
2025-06-10T20:13:24.883255,88,100,40,100,100,100,1,True
2025-06-10T20:13:24.915003,88,100,40,100,100,100,1,True
2025-06-10T20:13:24.962046,88,100,40,100,100,100,1,True
2025-06-10T20:13:25.007174,88,100,40,100,100,100,1,True
2025-06-10T20:13:25.037588,88,100,40,100,100,100,1,True
2025-06-10T20:13:25.067284,88,100,40,100,100,100,1,True
2025-06-10T20:13:25.098892,88,100,40.54841995239258,100,100,100,1,True
2025-06-10T20:13:25.130551,89,100,48.31740856170654,100,100,100,1,True
2025-06-10T20:13:25.161990,100,100,100,100,100,100,0,False
2025-06-10T20:13:25.193167,100,100,100,100,100,100,0,False
2025-06-10T20:13:25.239299,100,100,100,100,100,100,0,False
2025-06-10T20:13:25.270492,100,100,100,100,100,100,0,False
2025-06-10T20:13:25.316628,100,100,100,100,100,100,0,False
2025-06-10T20:13:25.363201,100,100,100,100,100,100,0,False
2025-06-10T20:13:25.394128,100,100,100,100,100,100,0,False
2025-06-10T20:13:25.424414,100,100,100,100,100,100,0,False
2025-06-10T20:13:25.455656,100,100,100,100,100,100,0,False
2025-06-10T20:13:25.486539,100,100,100,100,100,100,0,False
2025-06-10T20:13:25.533073,100,100,100,100,100,100,0,False
2025-06-10T20:13:25.565154,100,100,100,100,100,100,0,False
2025-06-10T20:13:25.597467,100,100,100,100,100,100,0,False
2025-06-10T20:13:25.644189,100,100,100,100,100,100,0,False
2025-06-10T20:13:25.674991,100,100,100,100,100,100,0,False
2025-06-10T20:13:25.723404,100,100,100,100,100,100,0,False
2025-06-10T20:13:25.754007,100,100,100,100,100,100,0,False
2025-06-10T20:13:25.783748,100,100,100,100,100,100,0,False
2025-06-10T20:13:25.814548,100,100,100,100,100,100,0,False
2025-06-10T20:13:25.860591,100,100,100,100,100,100,0,False
2025-06-10T20:13:25.891310,100,100,100,100,100,100,0,False
2025-06-10T20:13:25.922759,100,100,100,100,100,100,0,False
2025-06-10T20:13:25.969681,100,100,100,100,100,100,0,False
2025-06-10T20:13:26.031485,100,100,100,100,100,100,0,False
2025-06-10T20:13:26.063591,100,100,100,100,100,100,0,False
2025-06-10T20:13:26.111100,100,100,100,100,100,100,0,False
2025-06-10T20:13:26.157924,100,100,100,100,100,100,0,False
2025-06-10T20:13:26.188904,100,100,100,100,100,100,0,False
2025-06-10T20:13:26.235374,100,100,100,100,100,100,0,False
2025-06-10T20:13:26.265984,100,100,100,100,100,100,0,False
2025-06-10T20:13:26.313281,100,100,100,100,100,100,0,False
2025-06-10T20:13:26.343894,100,100,100,100,100,100,0,False
2025-06-10T20:13:26.374499,100,100,100,100,100,100,0,False
2025-06-10T20:13:26.420680,100,100,100,100,100,100,0,False
2025-06-10T20:13:26.481234,100,100,100,100,100,100,0,False
2025-06-10T20:13:26.528638,100,100,100,100,100,100,0,False
2025-06-10T20:13:26.559884,100,100,100,100,100,100,0,False
2025-06-10T20:13:26.590809,100,100,100,100,100,100,0,False
2025-06-10T20:13:26.637462,100,100,100,100,100,100,0,False
2025-06-10T20:13:26.667529,100,100,100,100,100,100,0,False
2025-06-10T20:13:26.714697,100,100,100,100,100,100,0,False
2025-06-10T20:13:26.746234,100,100,100,100,100,100,0,False
2025-06-10T20:13:26.778400,100,100,100,100,100,100,0,False
2025-06-10T20:13:26.824840,100,100,100,100,100,100,0,False
2025-06-10T20:13:26.871357,100,100,100,100,100,100,0,False
2025-06-10T20:13:26.901773,100,100,100,100,100,100,0,False
2025-06-10T20:13:26.947720,100,100,100,100,100,100,0,False
2025-06-10T20:13:26.978192,100,100,100,100,100,100,0,False
2025-06-10T20:13:27.009744,100,100,100,100,100,100,0,False
2025-06-10T20:13:27.055755,100,100,100,100,100,100,0,False
2025-06-10T20:13:27.087370,100,100,100,100,100,100,0,False
2025-06-10T20:13:27.118277,100,100,100,100,100,100,0,False
2025-06-10T20:13:27.164675,100,100,100,100,100,100,0,False
2025-06-10T20:13:27.195805,100,100,100,100,100,100,0,False
2025-06-10T20:13:27.211524,100,100,100,100,100,100,0,False
2025-06-10T20:13:27.257687,100,100,100,100,100,100,0,False
2025-06-10T20:13:27.272769,100,100,100,100,100,100,0,False
2025-06-10T20:13:27.334912,100,100,100,100,100,100,0,False
2025-06-10T20:13:27.367156,100,100,100,100,100,100,0,False
2025-06-10T20:13:27.398772,100,100,100,100,100,100,0,False
2025-06-10T20:13:27.429271,100,100,100,100,100,100,0,False
2025-06-10T20:13:27.475451,100,100,100,100,100,100,0,False
2025-06-10T20:13:27.490827,100,100,100,100,100,100,0,False
2025-06-10T20:13:27.521632,100,100,100,100,100,100,0,False
2025-06-10T20:13:27.567369,100,100,100,100,100,100,0,False
2025-06-10T20:13:27.599014,100,100,100,100,100,100,0,False
2025-06-10T20:13:27.630133,100,100,100,100,100,100,0,False
2025-06-10T20:13:27.675875,100,100,100,100,100,100,0,False
2025-06-10T20:13:27.722714,100,100,100,100,100,100,0,False
2025-06-10T20:13:27.737427,100,100,100,100,100,100,0,False
2025-06-10T20:13:27.783601,100,100,100,100,100,100,0,False
2025-06-10T20:13:27.813867,100,100,100,100,100,100,0,False
2025-06-10T20:13:27.875843,100,100,100,100,100,100,0,False
2025-06-10T20:13:27.906056,100,100,100,100,100,100,0,False
2025-06-10T20:13:27.936325,100,100,100,100,100,100,0,False
2025-06-10T20:13:27.967869,100,100,100,100,100,100,0,False
2025-06-10T20:13:28.013100,100,100,100,100,100,100,0,False
2025-06-10T20:13:28.028290,100,100,100,100,100,100,0,False
2025-06-10T20:13:28.073346,100,100,100,100,100,100,0,False
2025-06-10T20:13:28.119697,100,100,100,100,100,100,0,False
2025-06-10T20:13:28.150253,100,100,100,100,100,100,0,False
2025-06-10T20:13:28.165688,100,100,100,100,100,100,0,False
2025-06-10T20:13:28.211809,100,100,100,100,100,100,0,False
2025-06-10T20:13:28.243255,100,100,100,100,100,100,0,False
2025-06-10T20:13:28.259050,100,100,100,100,100,100,0,False
2025-06-10T20:13:28.290941,100,100,100,100,100,100,0,False
2025-06-10T20:13:28.337966,100,100,100,100,100,100,0,False
2025-06-10T20:13:28.384721,100,100,100,100,100,100,0,False
2025-06-10T20:13:28.430724,100,100,100,100,100,100,0,False
2025-06-10T20:13:28.446283,100,100,100,100,100,100,0,False
2025-06-10T20:13:28.477424,100,100,100,100,100,100,0,False
2025-06-10T20:13:28.508380,100,100,100,100,100,100,0,False
2025-06-10T20:13:28.555322,100,100,100,100,100,100,0,False
2025-06-10T20:13:28.586152,100,100,100,100,100,100,0,False
2025-06-10T20:13:28.617251,100,100,100,100,100,100,0,False
2025-06-10T20:13:28.647631,100,100,100,100,100,100,0,False
2025-06-10T20:13:28.678418,100,100,100,100,100,100,0,False
2025-06-10T20:13:28.724755,100,100,100,100,100,100,0,False
2025-06-10T20:13:28.787612,100,100,100,100,100,100,0,False
2025-06-10T20:13:28.818896,100,100,100,100,100,100,0,False
2025-06-10T20:13:28.849968,100,100,100,100,100,100,0,False
2025-06-10T20:13:28.881118,100,100,100,100,100,100,0,False
2025-06-10T20:13:28.911414,100,100,100,100,100,100,0,False
2025-06-10T20:13:28.926608,100,100,100,100,100,100,0,False
2025-06-10T20:13:28.957250,100,100,100,100,100,100,0,False
2025-06-10T20:13:28.987710,100,100,100,100,100,100,0,False
2025-06-10T20:13:29.034170,100,100,100,100,100,100,0,False
2025-06-10T20:13:29.064049,100,100,100,100,100,100,0,False
2025-06-10T20:13:29.096037,100,100,100,100,100,100,0,False
2025-06-10T20:13:29.126582,100,100,100,100,100,100,0,False
2025-06-10T20:13:29.187597,100,100,100,100,100,100,0,False
2025-06-10T20:13:29.218420,100,100,100,100,100,100,0,False
2025-06-10T20:13:29.264393,100,100,100,100,100,100,0,False
2025-06-10T20:13:29.280185,100,100,100,100,100,100,0,False
2025-06-10T20:13:29.326331,100,100,100,100,100,100,0,False
2025-06-10T20:13:29.372625,100,100,100,100,100,100,0,False
2025-06-10T20:13:29.403209,88,100,40,100,100,100,1,True
2025-06-10T20:13:29.434073,88,100,40,100,100,100,1,True
2025-06-10T20:13:29.480113,88,100,40,100,100,100,1,True
2025-06-10T20:13:29.527576,88,100,40,100,100,100,1,True
2025-06-10T20:13:29.557768,88,100,40,100,100,100,1,True
2025-06-10T20:13:29.604975,88,100,40,100,100,100,1,True
2025-06-10T20:13:29.637199,88,100,40,100,100,100,1,True
2025-06-10T20:13:29.684130,89,100,48.99773597717285,100,100,100,1,True
2025-06-10T20:13:29.715726,88,100,40,100,100,100,1,True
2025-06-10T20:13:29.745716,88,100,40,100,100,100,1,True
2025-06-10T20:13:29.791477,88,100,40,100,100,100,1,True
2025-06-10T20:13:29.823176,88,100,40,100,100,100,1,True
2025-06-10T20:13:29.854350,88,100,40,100,100,100,1,True
2025-06-10T20:13:29.884606,88,100,40,100,100,100,1,True
2025-06-10T20:13:29.931909,88,100,40,100,100,100,1,True
2025-06-10T20:13:29.963268,88,100,40,100,100,100,1,True
2025-06-10T20:13:29.994873,88,100,40,100,100,100,1,True
2025-06-10T20:13:30.025485,88,100,40,100,100,100,1,True
2025-06-10T20:13:30.056524,88,100,40,100,100,100,1,True
2025-06-10T20:13:30.087358,88,100,40,100,100,100,1,True
2025-06-10T20:13:30.119085,88,100,40,100,100,100,1,True
2025-06-10T20:13:30.165904,88,100,40,100,100,100,1,True
2025-06-10T20:13:30.196652,88,100,40,100,100,100,1,True
2025-06-10T20:13:30.227322,88,100,40,100,100,100,1,True
2025-06-10T20:13:30.243163,88,100,40,100,100,100,1,True
2025-06-10T20:13:30.273848,88,100,40,100,100,100,1,True
2025-06-10T20:13:30.320158,88,100,40,100,100,100,1,True
2025-06-10T20:13:30.381395,100,100,100,100,100,100,0,False
2025-06-10T20:13:30.428461,100,100,100,100,100,100,0,False
2025-06-10T20:13:30.459828,100,100,100,100,100,100,0,False
2025-06-10T20:13:30.475514,88,100,40,100,100,100,1,True
2025-06-10T20:13:30.506273,88,100,40,100,100,100,1,True
2025-06-10T20:13:30.537562,88,100,40,100,100,100,1,True
2025-06-10T20:13:30.584194,100,100,100,100,100,100,0,False
2025-06-10T20:13:30.615623,100,100,100,100,100,100,0,False
2025-06-10T20:13:30.647288,88,100,40,100,100,100,1,True
2025-06-10T20:13:30.663289,88,100,40,100,100,100,1,True
2025-06-10T20:13:30.726272,88,100,40,100,100,100,1,True
2025-06-10T20:13:30.772813,88,100,40,100,100,100,1,True
2025-06-10T20:13:30.803785,88,100,40,100,100,100,1,True
2025-06-10T20:13:30.834604,88,100,40,100,100,100,1,True
2025-06-10T20:13:30.865992,100,100,100,100,100,100,0,False
2025-06-10T20:13:30.913391,100,100,100,100,100,100,0,False
2025-06-10T20:13:30.959600,88,100,40,100,100,100,1,True
2025-06-10T20:13:30.974841,88,100,40,100,100,100,1,True
2025-06-10T20:13:31.020556,100,100,100,100,100,100,0,False
2025-06-10T20:13:31.050631,100,100,100,100,100,100,0,False
2025-06-10T20:13:31.096422,100,100,100,100,100,100,0,False
2025-06-10T20:13:31.128567,100,100,100,100,100,100,0,False
2025-06-10T20:13:31.160185,100,100,100,100,100,100,0,False
2025-06-10T20:13:31.191755,100,100,100,100,100,100,0,False
2025-06-10T20:13:31.238637,100,100,100,100,100,100,0,False
2025-06-10T20:13:31.285099,100,100,100,100,100,100,0,False
2025-06-10T20:13:31.315490,100,100,100,100,100,100,0,False
2025-06-10T20:13:31.347235,100,100,100,100,100,100,0,False
2025-06-10T20:13:31.377606,100,100,100,100,100,100,0,False
2025-06-10T20:13:31.409284,100,100,100,100,100,100,0,False
2025-06-10T20:13:31.439885,100,100,100,100,100,100,0,False
2025-06-10T20:13:31.470693,100,100,100,100,100,100,0,False
2025-06-10T20:13:31.500702,100,100,100,100,100,100,0,False
2025-06-10T20:13:31.531990,100,100,100,100,100,100,0,False
2025-06-10T20:13:31.563526,100,100,100,100,100,100,0,False
2025-06-10T20:13:31.594391,100,100,100,100,100,100,0,False
2025-06-10T20:13:31.640837,100,100,100,100,100,100,0,False
2025-06-10T20:13:31.672288,100,100,100,100,100,100,0,False
2025-06-10T20:13:31.749544,100,100,100,100,100,100,0,False
2025-06-10T20:13:31.780696,100,100,100,100,100,100,0,False
2025-06-10T20:13:31.811585,100,100,100,100,100,100,0,False
2025-06-10T20:13:31.858853,100,100,100,100,100,100,0,False
2025-06-10T20:13:31.889326,100,100,100,100,100,100,0,False
2025-06-10T20:13:31.937445,100,100,100,100,100,100,0,False
2025-06-10T20:13:31.983554,100,100,100,100,100,100,0,False
2025-06-10T20:13:32.014156,100,100,100,100,100,100,0,False
2025-06-10T20:13:32.045111,100,100,100,100,100,100,0,False
2025-06-10T20:13:32.090188,100,100,100,100,100,100,0,False
2025-06-10T20:13:32.135860,100,100,100,100,100,100,0,False
2025-06-10T20:13:32.181194,100,100,100,100,100,100,0,False
2025-06-10T20:13:32.212540,100,100,100,100,100,100,0,False
2025-06-10T20:13:32.228734,100,100,100,100,100,100,0,False
2025-06-10T20:13:32.259468,100,100,100,100,100,100,0,False
2025-06-10T20:13:32.289754,100,100,100,100,100,100,0,False
2025-06-10T20:13:32.337607,100,100,100,100,100,100,0,False
2025-06-10T20:13:32.368655,100,100,100,100,100,100,0,False
2025-06-10T20:13:32.399618,100,100,100,100,100,100,0,False
2025-06-10T20:13:32.431141,100,100,100,100,100,100,0,False
2025-06-10T20:13:32.447297,100,100,100,100,100,100,0,False
2025-06-10T20:13:32.477532,100,100,100,100,100,100,0,False
2025-06-10T20:13:32.538709,100,100,100,100,100,100,0,False
2025-06-10T20:13:32.570178,100,100,100,100,100,100,0,False
2025-06-10T20:13:32.601088,100,100,100,100,100,100,0,False
2025-06-10T20:13:32.631377,100,100,100,100,100,100,0,False
2025-06-10T20:13:32.663784,100,100,100,100,100,100,0,False
2025-06-10T20:13:32.695285,100,100,100,100,100,100,0,False
2025-06-10T20:13:32.741369,100,100,100,100,100,100,0,False
2025-06-10T20:13:32.771396,100,100,100,100,100,100,0,False
2025-06-10T20:13:32.801218,100,100,100,100,100,100,0,False
2025-06-10T20:13:32.832766,100,100,100,100,100,100,0,False
2025-06-10T20:13:32.864504,100,100,100,100,100,100,0,False
2025-06-10T20:13:32.895709,100,100,100,100,100,100,0,False
2025-06-10T20:13:32.941378,100,100,100,100,100,100,0,False
2025-06-10T20:13:32.972641,100,100,100,100,100,100,0,False
2025-06-10T20:13:33.003392,100,100,100,100,100,100,0,False
2025-06-10T20:13:33.035134,100,100,100,100,100,100,0,False
2025-06-10T20:13:33.050191,100,100,100,100,100,100,0,False
2025-06-10T20:13:33.097084,100,100,100,100,100,100,0,False
2025-06-10T20:13:33.129071,100,100,100,100,100,100,0,False
2025-06-10T20:13:33.159699,100,100,100,100,100,100,0,False
2025-06-10T20:13:33.175171,100,100,100,100,100,100,0,False
2025-06-10T20:13:33.221836,100,100,100,100,100,100,0,False
2025-06-10T20:13:33.253172,100,100,100,100,100,100,0,False
2025-06-10T20:13:33.284152,100,100,100,100,100,100,0,False
2025-06-10T20:13:33.330779,100,100,100,100,100,100,0,False
2025-06-10T20:13:33.361327,100,100,100,100,100,100,0,False
2025-06-10T20:13:33.377405,100,100,100,100,100,100,0,False
2025-06-10T20:13:33.424737,100,100,100,100,100,100,0,False
2025-06-10T20:13:33.440391,100,100,100,100,100,100,0,False
2025-06-10T20:13:33.470751,100,100,100,100,100,100,0,False
2025-06-10T20:13:33.532887,100,100,100,100,100,100,0,False
2025-06-10T20:13:33.563711,100,100,100,100,100,100,0,False
2025-06-10T20:13:33.593654,100,100,100,100,100,100,0,False
2025-06-10T20:13:33.624724,100,100,100,100,100,100,0,False
2025-06-10T20:13:33.655466,100,100,100,100,100,100,0,False
2025-06-10T20:13:33.686456,100,100,100,100,100,100,0,False
2025-06-10T20:13:33.717193,100,100,100,100,100,100,0,False
2025-06-10T20:13:33.763219,100,100,100,100,100,100,0,False
2025-06-10T20:13:33.793379,100,100,100,100,100,100,0,False
2025-06-10T20:13:33.840026,100,100,100,100,100,100,0,False
2025-06-10T20:13:33.871555,100,100,100,100,100,100,0,False
2025-06-10T20:13:33.902448,100,100,100,100,100,100,0,False
2025-06-10T20:13:33.949361,100,100,100,100,100,100,0,False
2025-06-10T20:13:33.995846,100,100,100,100,100,100,0,False
2025-06-10T20:13:34.041405,100,100,100,100,100,100,0,False
2025-06-10T20:13:34.073576,100,100,100,100,100,100,0,False
2025-06-10T20:13:34.105197,100,100,100,100,100,100,0,False
2025-06-10T20:13:34.135676,100,100,100,100,100,100,0,False
2025-06-10T20:13:34.150544,100,100,100,100,100,100,0,False
2025-06-10T20:13:34.181905,100,100,100,100,100,100,0,False
2025-06-10T20:13:34.228526,100,100,100,100,100,100,0,False
2025-06-10T20:13:34.275775,100,100,100,100,100,100,0,False
2025-06-10T20:13:34.307418,100,100,100,100,100,100,0,False
2025-06-10T20:13:34.322871,100,100,100,100,100,100,0,False
2025-06-10T20:13:34.353751,100,100,100,100,100,100,0,False
2025-06-10T20:13:34.383787,100,100,100,100,100,100,0,False
2025-06-10T20:13:34.429971,100,100,100,100,100,100,0,False
2025-06-10T20:13:34.461223,100,100,100,100,100,100,0,False
2025-06-10T20:13:34.477435,100,100,100,100,100,100,0,False
2025-06-10T20:13:34.523525,100,100,100,100,100,100,0,False
2025-06-10T20:13:34.569127,100,100,100,100,100,100,0,False
2025-06-10T20:13:34.583995,100,100,100,100,100,100,0,False
2025-06-10T20:13:34.615073,100,100,100,100,100,100,0,False
2025-06-10T20:13:34.660324,100,100,100,100,100,100,0,False
2025-06-10T20:13:34.690984,100,100,100,100,100,100,0,False
2025-06-10T20:13:34.721447,100,100,100,100,100,100,0,False
2025-06-10T20:13:34.753500,100,100,100,100,100,100,0,False
2025-06-10T20:13:34.802037,100,100,100,100,100,100,0,False
2025-06-10T20:13:34.833473,100,100,100,100,100,100,0,False
2025-06-10T20:13:34.864334,100,100,100,100,100,100,0,False
2025-06-10T20:13:34.911024,100,100,100,100,100,100,0,False
2025-06-10T20:13:34.941771,100,100,100,100,100,100,0,False
2025-06-10T20:13:34.972823,100,100,100,100,100,100,0,False
2025-06-10T20:13:34.988203,100,100,100,100,100,100,0,False
2025-06-10T20:13:35.019194,100,100,100,100,100,100,0,False
2025-06-10T20:13:35.051002,100,100,100,100,100,100,0,False
2025-06-10T20:13:35.082415,100,100,100,100,100,100,0,False
2025-06-10T20:13:35.114136,100,100,100,100,100,100,0,False
2025-06-10T20:13:35.159607,100,100,100,100,100,100,0,False
2025-06-10T20:13:35.189838,100,100,100,100,100,100,0,False
2025-06-10T20:13:35.251911,100,100,100,100,100,100,0,False
2025-06-10T20:13:35.267427,100,100,100,100,100,100,0,False
2025-06-10T20:13:35.298902,100,100,100,100,100,100,0,False
2025-06-10T20:13:35.345179,100,100,100,100,100,100,0,False
2025-06-10T20:13:35.376435,100,100,100,100,100,100,0,False
2025-06-10T20:13:35.407378,100,100,100,100,100,100,0,False
2025-06-10T20:13:35.438196,100,100,100,100,100,100,0,False
2025-06-10T20:13:35.485465,100,100,100,100,100,100,0,False
2025-06-10T20:13:35.517586,100,100,100,100,100,100,0,False
2025-06-10T20:13:35.549207,100,100,100,100,100,100,0,False
2025-06-10T20:13:35.595580,100,100,100,100,100,100,0,False
2025-06-10T20:13:35.641978,100,100,100,100,100,100,0,False
2025-06-10T20:13:35.672763,100,100,100,100,100,100,0,False
2025-06-10T20:13:35.703705,100,100,100,100,100,100,0,False
2025-06-10T20:13:35.751124,100,100,100,100,100,100,0,False
2025-06-10T20:13:35.781809,100,100,100,100,100,100,0,False
2025-06-10T20:13:35.812405,100,100,100,100,100,100,0,False
2025-06-10T20:13:35.859917,100,100,100,100,100,100,0,False
2025-06-10T20:13:35.891771,100,100,100,100,100,100,0,False
2025-06-10T20:13:35.922622,100,100,100,100,100,100,0,False
2025-06-10T20:13:35.952988,100,100,100,100,100,100,0,False
2025-06-10T20:13:35.983703,100,100,100,100,100,100,0,False
2025-06-10T20:13:36.029509,100,100,100,100,100,100,0,False
2025-06-10T20:13:36.059578,100,100,100,100,100,100,0,False
2025-06-10T20:13:36.105779,100,100,100,100,100,100,0,False
2025-06-10T20:13:36.135919,100,100,100,100,100,100,0,False
2025-06-10T20:13:36.183161,89,100,49.303507804870605,100,100,100,1,True
2025-06-10T20:13:36.213543,100,100,100,100,100,100,0,False
2025-06-10T20:13:36.260128,100,100,100,100,100,100,0,False
2025-06-10T20:13:36.290319,100,100,100,100,100,100,0,False
2025-06-10T20:13:36.321072,100,100,100,100,100,100,0,False
2025-06-10T20:13:36.350616,100,100,100,100,100,100,0,False
2025-06-10T20:13:36.396555,100,100,100,100,100,100,0,False
2025-06-10T20:13:36.441242,100,100,100,100,100,100,0,False
2025-06-10T20:13:36.472612,100,100,100,100,100,100,0,False
2025-06-10T20:13:36.503567,100,100,100,100,100,100,0,False
2025-06-10T20:13:36.534834,100,100,100,100,100,100,0,False
2025-06-10T20:13:36.564971,89,100,48.61185550689697,100,100,100,1,True
2025-06-10T20:13:36.611367,89,100,45.74373960494995,100,100,100,1,True
2025-06-10T20:13:36.642177,89,100,45.10155916213989,100,100,100,1,True
2025-06-10T20:13:36.673020,88,100,42.81303882598877,100,100,100,1,True
2025-06-10T20:13:36.703755,88,100,40,100,100,100,1,True
2025-06-10T20:13:36.750847,88,100,40,100,100,100,1,True
2025-06-10T20:13:36.767332,88,100,40,100,100,100,1,True
2025-06-10T20:13:36.812907,88,100,40,100,100,100,1,True
2025-06-10T20:13:36.859773,88,100,40,100,100,100,1,True
2025-06-10T20:13:36.890968,88,100,40,100,100,100,1,True
2025-06-10T20:13:36.938253,88,100,40,100,100,100,1,True
2025-06-10T20:13:36.954215,88,100,40,100,100,100,1,True
2025-06-10T20:13:36.986013,88,100,40,100,100,100,1,True
2025-06-10T20:13:37.001191,88,100,40,100,100,100,1,True
2025-06-10T20:13:37.031704,88,100,40,100,100,100,1,True
2025-06-10T20:13:37.091707,88,100,40,100,100,100,1,True
2025-06-10T20:13:37.122466,88,100,40,100,100,100,1,True
2025-06-10T20:13:37.153515,88,100,40,100,100,100,1,True
2025-06-10T20:13:37.199311,88,100,40,100,100,100,1,True
2025-06-10T20:13:37.245488,88,100,40,100,100,100,1,True
2025-06-10T20:13:37.260548,88,100,40,100,100,100,1,True
2025-06-10T20:13:37.307204,88,100,40,100,100,100,1,True
2025-06-10T20:13:37.322768,88,100,40,100,100,100,1,True
2025-06-10T20:13:37.354199,88,100,40,100,100,100,1,True
2025-06-10T20:13:37.400226,88,100,40,100,100,100,1,True
2025-06-10T20:13:37.431360,88,100,40,100,100,100,1,True
2025-06-10T20:13:37.447152,88,100,40,100,100,100,1,True
2025-06-10T20:13:37.492459,88,100,43.047523498535156,100,100,100,1,True
2025-06-10T20:13:37.538973,89,100,48.57746362686157,100,100,100,1,True
2025-06-10T20:13:37.569789,100,100,100,100,100,100,0,False
2025-06-10T20:13:37.600214,100,100,100,100,100,100,0,False
2025-06-10T20:13:37.646121,100,100,100,100,100,100,0,False
2025-06-10T20:13:37.661282,100,100,100,100,100,100,0,False
2025-06-10T20:13:37.707039,100,100,100,100,100,100,0,False
2025-06-10T20:13:37.737374,100,100,100,100,100,100,0,False
2025-06-10T20:13:37.768036,100,100,100,100,100,100,0,False
2025-06-10T20:13:37.813777,100,100,100,100,100,100,0,False
2025-06-10T20:13:37.844661,100,100,100,100,100,100,0,False
2025-06-10T20:13:37.907403,100,100,100,100,100,100,0,False
2025-06-10T20:13:37.953523,100,100,100,100,100,100,0,False
2025-06-10T20:13:37.985053,100,100,100,100,100,100,0,False
2025-06-10T20:13:38.016233,100,100,100,100,100,100,0,False
2025-06-10T20:13:38.045929,100,100,100,100,100,100,0,False
2025-06-10T20:13:38.077444,100,100,100,100,100,100,0,False
2025-06-10T20:13:38.109488,100,100,100,100,100,100,0,False
2025-06-10T20:13:38.155567,100,100,100,100,100,100,0,False
2025-06-10T20:13:38.185939,100,100,100,100,100,100,0,False
2025-06-10T20:13:38.232891,100,100,100,100,100,100,0,False
2025-06-10T20:13:38.264169,100,100,100,100,100,100,0,False
2025-06-10T20:13:38.295821,100,100,100,100,100,100,0,False
2025-06-10T20:13:38.327308,100,100,100,100,100,100,0,False
2025-06-10T20:13:38.357589,100,100,100,100,100,100,0,False
2025-06-10T20:13:38.389346,100,100,100,100,100,100,0,False
2025-06-10T20:13:38.435803,100,100,100,100,100,100,0,False
2025-06-10T20:13:38.467347,100,100,100,100,100,100,0,False
2025-06-10T20:13:38.512605,100,100,100,100,100,100,0,False
2025-06-10T20:13:38.527984,100,100,100,100,100,100,0,False
2025-06-10T20:13:38.558450,100,100,100,100,100,100,0,False
2025-06-10T20:13:38.588665,100,100,100,100,100,100,0,False
2025-06-10T20:13:38.619998,100,100,100,100,100,100,0,False
2025-06-10T20:13:38.650656,100,100,100,100,100,100,0,False
2025-06-10T20:13:38.697441,100,100,100,100,100,100,0,False
2025-06-10T20:13:38.727668,100,100,100,100,100,100,0,False
2025-06-10T20:13:38.774758,100,100,100,100,100,100,0,False
2025-06-10T20:13:38.806382,100,100,100,100,100,100,0,False
2025-06-10T20:13:38.837112,100,100,100,100,100,100,0,False
2025-06-10T20:13:38.884514,100,100,100,100,100,100,0,False
2025-06-10T20:13:38.916047,100,100,100,100,100,100,0,False
2025-06-10T20:13:38.947356,100,100,100,100,100,100,0,False
2025-06-10T20:13:38.978272,100,100,100,100,100,100,0,False
2025-06-10T20:13:39.008990,89,100,47.88843393325806,100,100,100,1,True
2025-06-10T20:13:39.055050,88,100,43.37373971939087,100,100,100,1,True
2025-06-10T20:13:39.085444,88,100,42.00623035430908,100,100,100,1,True
2025-06-10T20:13:39.117355,88,100,40.91951847076416,100,100,100,1,True
2025-06-10T20:13:39.163946,88,100,40.44226408004761,100,100,100,1,True
2025-06-10T20:13:39.195532,88,100,40.94425439834595,100,100,100,1,True
2025-06-10T20:13:39.226391,88,100,41.23798608779907,100,100,100,1,True
2025-06-10T20:13:39.257130,88,100,40.22476673126221,100,100,100,1,True
2025-06-10T20:13:39.302916,88,100,40,100,100,100,1,True
2025-06-10T20:13:39.333888,88,100,40,100,100,100,1,True
2025-06-10T20:13:39.380188,88,100,40,100,100,100,1,True
2025-06-10T20:13:39.410334,88,100,40,100,100,100,1,True
2025-06-10T20:13:39.457383,88,100,40,100,100,100,1,True
2025-06-10T20:13:39.488761,88,100,40,100,100,100,1,True
2025-06-10T20:13:39.520359,88,100,40,100,100,100,1,True
2025-06-10T20:13:39.551308,88,100,40,100,100,100,1,True
2025-06-10T20:13:39.597318,88,100,40,100,100,100,1,True
2025-06-10T20:13:39.628604,88,100,40,100,100,100,1,True
2025-06-10T20:13:39.675350,88,100,40,100,100,100,1,True
2025-06-10T20:13:39.706016,88,100,40,100,100,100,1,True
2025-06-10T20:13:39.737126,88,100,40,100,100,100,1,True
2025-06-10T20:13:39.768424,88,100,40,100,100,100,1,True
2025-06-10T20:13:39.799604,88,100,40,100,100,100,1,True
2025-06-10T20:13:39.831194,88,100,40,100,100,100,1,True
2025-06-10T20:13:39.863530,88,100,40,100,100,100,1,True
2025-06-10T20:13:39.910011,88,100,40,100,100,100,1,True
2025-06-10T20:13:39.957522,88,100,40,100,100,100,1,True
2025-06-10T20:13:40.019040,88,100,40,100,100,100,1,True
2025-06-10T20:13:40.065616,88,100,40,100,100,100,1,True
2025-06-10T20:13:40.112302,88,100,40,100,100,100,1,True
2025-06-10T20:13:40.142851,88,100,40,100,100,100,1,True
2025-06-10T20:13:40.174024,88,100,40,100,100,100,1,True
2025-06-10T20:13:40.205144,88,100,40,100,100,100,1,True
2025-06-10T20:13:40.252366,88,100,40,100,100,100,1,True
2025-06-10T20:13:40.297726,88,100,40,100,100,100,1,True
2025-06-10T20:13:40.328288,88,100,40,100,100,100,1,True
2025-06-10T20:13:40.374514,88,100,40,100,100,100,1,True
2025-06-10T20:13:40.435383,88,100,40,100,100,100,1,True
2025-06-10T20:13:40.482048,88,100,40,100,100,100,1,True
2025-06-10T20:13:40.513193,88,100,40,100,100,100,1,True
2025-06-10T20:13:40.559946,88,100,40,100,100,100,1,True
2025-06-10T20:13:40.607072,88,100,40,100,100,100,1,True
2025-06-10T20:13:40.638521,88,100,40,100,100,100,1,True
2025-06-10T20:13:40.685803,88,100,40,100,100,100,1,True
2025-06-10T20:13:40.717125,88,100,40,100,100,100,1,True
2025-06-10T20:13:40.764760,88,100,40,100,100,100,1,True
2025-06-10T20:13:40.796401,88,100,40,100,100,100,1,True
2025-06-10T20:13:40.827384,88,100,40,100,100,100,1,True
2025-06-10T20:13:40.858987,88,100,40,100,100,100,1,True
2025-06-10T20:13:40.890509,88,100,40,100,100,100,1,True
2025-06-10T20:13:40.921542,88,100,42.759573459625244,100,100,100,1,True
2025-06-10T20:13:40.952098,100,100,100,100,100,100,0,False
2025-06-10T20:13:40.998047,100,100,100,100,100,100,0,False
2025-06-10T20:13:41.028365,100,100,100,100,100,100,0,False
2025-06-10T20:13:41.074173,100,100,100,100,100,100,0,False
2025-06-10T20:13:41.105632,100,100,100,100,100,100,0,False
2025-06-10T20:13:41.152394,100,100,100,100,100,100,0,False
2025-06-10T20:13:41.182672,100,100,100,100,100,100,0,False
2025-06-10T20:13:41.213509,100,100,100,100,100,100,0,False
2025-06-10T20:13:41.244287,100,100,100,100,100,100,0,False
2025-06-10T20:13:41.259578,100,100,100,100,100,100,0,False
2025-06-10T20:13:41.306362,100,100,100,100,100,100,0,False
2025-06-10T20:13:41.337160,100,100,100,100,100,100,0,False
2025-06-10T20:13:41.382742,100,100,100,100,100,100,0,False
2025-06-10T20:13:41.398166,100,100,100,100,100,100,0,False
2025-06-10T20:13:41.460166,100,100,100,100,100,100,0,False
2025-06-10T20:13:41.491212,100,100,100,100,100,100,0,False
2025-06-10T20:13:41.507270,100,100,100,100,100,100,0,False
2025-06-10T20:13:41.568916,100,100,100,100,100,100,0,False
2025-06-10T20:13:41.615913,100,100,100,100,100,100,0,False
2025-06-10T20:13:41.647162,100,100,100,100,100,100,0,False
2025-06-10T20:13:41.678102,100,100,100,100,100,100,0,False
2025-06-10T20:13:41.708694,100,100,100,100,100,100,0,False
2025-06-10T20:13:41.754652,100,100,100,100,100,100,0,False
2025-06-10T20:13:41.800574,100,100,100,100,100,100,0,False
2025-06-10T20:13:41.830412,100,100,100,100,100,100,0,False
2025-06-10T20:13:41.845836,100,100,100,100,100,100,0,False
2025-06-10T20:13:41.893216,100,100,100,100,100,100,0,False
2025-06-10T20:13:41.925175,100,100,100,100,100,100,0,False
2025-06-10T20:13:41.972163,100,100,100,100,100,100,0,False
2025-06-10T20:13:42.018101,100,100,100,100,100,100,0,False
2025-06-10T20:13:42.049831,100,100,100,100,100,100,0,False
2025-06-10T20:13:42.080735,100,100,100,100,100,100,0,False
2025-06-10T20:13:42.111699,100,100,100,100,100,100,0,False
2025-06-10T20:13:42.142871,100,100,100,100,100,100,0,False
2025-06-10T20:13:42.173843,100,100,100,100,100,100,0,False
2025-06-10T20:13:42.204028,100,100,100,100,100,100,0,False
2025-06-10T20:13:42.249967,100,100,100,100,100,100,0,False
2025-06-10T20:13:42.280176,100,100,100,100,100,100,0,False
2025-06-10T20:13:42.295615,100,100,100,100,100,100,0,False
2025-06-10T20:13:42.341166,100,100,100,100,100,100,0,False
2025-06-10T20:13:42.420207,100,100,100,100,100,100,0,False
2025-06-10T20:13:42.435985,100,100,100,100,100,100,0,False
2025-06-10T20:13:42.467552,100,100,100,100,100,100,0,False
2025-06-10T20:13:42.514770,100,100,100,100,100,100,0,False
2025-06-10T20:13:42.545855,100,100,100,100,100,100,0,False
2025-06-10T20:13:42.577259,100,100,100,100,100,100,0,False
2025-06-10T20:13:42.624102,100,100,100,100,100,100,0,False
2025-06-10T20:13:42.672181,100,100,100,100,100,100,0,False
2025-06-10T20:13:42.702611,100,100,100,100,100,100,0,False
2025-06-10T20:13:42.734001,100,100,100,100,100,100,0,False
2025-06-10T20:13:42.765215,100,100,100,100,100,100,0,False
2025-06-10T20:13:42.795971,100,100,100,100,100,100,0,False
2025-06-10T20:13:42.827083,100,100,100,100,100,100,0,False
2025-06-10T20:13:42.857172,100,100,100,100,100,100,0,False
2025-06-10T20:13:42.903118,100,100,100,100,100,100,0,False
2025-06-10T20:13:42.934713,100,100,100,100,100,100,0,False
2025-06-10T20:13:42.966292,100,100,100,100,100,100,0,False
2025-06-10T20:13:43.028998,100,100,100,100,100,100,0,False
2025-06-10T20:13:43.076261,100,100,100,100,100,100,0,False
2025-06-10T20:13:43.107587,100,100,100,100,100,100,0,False
2025-06-10T20:13:43.137741,100,100,100,100,100,100,0,False
2025-06-10T20:13:43.185092,100,100,100,100,100,100,0,False
2025-06-10T20:13:43.216176,100,100,100,100,100,100,0,False
2025-06-10T20:13:43.247232,100,100,100,100,100,100,0,False
2025-06-10T20:13:43.293605,100,100,100,100,100,100,0,False
2025-06-10T20:13:43.324311,100,100,100,100,100,100,0,False
2025-06-10T20:13:43.354810,100,100,100,100,100,100,0,False
2025-06-10T20:13:43.401035,100,100,100,100,100,100,0,False
2025-06-10T20:13:43.431438,100,100,100,100,100,100,0,False
2025-06-10T20:13:43.477238,100,100,100,100,100,100,0,False
2025-06-10T20:13:43.507365,100,100,100,100,100,100,0,False
2025-06-10T20:13:43.523161,100,100,100,100,100,100,0,False
2025-06-10T20:13:43.571581,100,100,100,100,100,100,0,False
2025-06-10T20:13:43.619080,100,100,100,100,100,100,0,False
2025-06-10T20:13:43.665898,100,100,100,100,100,100,0,False
2025-06-10T20:13:43.697472,100,100,100,100,100,100,0,False
2025-06-10T20:13:43.727544,100,100,100,100,100,100,0,False
2025-06-10T20:13:43.774363,100,100,100,100,100,100,0,False
2025-06-10T20:13:43.804955,100,100,100,100,100,100,0,False
2025-06-10T20:13:43.835345,100,100,100,100,100,100,0,False
2025-06-10T20:13:43.865595,100,100,100,100,100,100,0,False
2025-06-10T20:13:43.896202,100,100,100,100,100,100,0,False
2025-06-10T20:13:43.942373,100,100,100,100,100,100,0,False
2025-06-10T20:13:43.973231,100,100,100,100,100,100,0,False
2025-06-10T20:13:44.019027,100,100,100,100,100,100,0,False
2025-06-10T20:13:44.033859,100,100,100,100,100,100,0,False
2025-06-10T20:13:44.080656,100,100,100,100,100,100,0,False
2025-06-10T20:13:44.111500,100,100,100,100,100,100,0,False
2025-06-10T20:13:44.142585,100,100,100,100,100,100,0,False
2025-06-10T20:13:44.172309,100,100,100,100,100,100,0,False
2025-06-10T20:13:44.203005,100,100,100,100,100,100,0,False
2025-06-10T20:13:44.234319,100,100,100,100,100,100,0,False
2025-06-10T20:13:44.264604,100,100,100,100,100,100,0,False
2025-06-10T20:13:44.295342,100,100,100,100,100,100,0,False
2025-06-10T20:13:44.326393,100,100,100,100,100,100,0,False
2025-06-10T20:13:44.342408,100,100,100,100,100,100,0,False
2025-06-10T20:13:44.404186,100,100,100,100,100,100,0,False
2025-06-10T20:13:44.434838,100,100,100,100,100,100,0,False
2025-06-10T20:13:44.465946,100,100,100,100,100,100,0,False
2025-06-10T20:13:44.513060,100,100,100,100,100,100,0,False
2025-06-10T20:13:44.543863,100,100,100,100,100,100,0,False
2025-06-10T20:13:44.575409,100,100,100,100,100,100,0,False
2025-06-10T20:13:44.607551,100,100,100,100,100,100,0,False
2025-06-10T20:13:44.639178,100,100,100,100,100,100,0,False
2025-06-10T20:13:44.685839,100,100,100,100,100,100,0,False
2025-06-10T20:13:44.717475,100,100,100,100,100,100,0,False
2025-06-10T20:13:44.748228,100,100,100,100,100,100,0,False
2025-06-10T20:13:44.807960,100,100,100,100,100,100,0,False
2025-06-10T20:13:44.839170,100,100,100,100,100,100,0,False
2025-06-10T20:13:44.885540,100,100,100,100,100,100,0,False
2025-06-10T20:13:44.900219,100,100,100,100,100,100,0,False
2025-06-10T20:13:44.947255,100,100,100,100,100,100,0,False
2025-06-10T20:13:44.978202,100,100,100,100,100,100,0,False
2025-06-10T20:13:44.993474,100,100,100,100,100,100,0,False
2025-06-10T20:13:45.024426,100,100,100,100,100,100,0,False
2025-06-10T20:13:45.054960,100,100,100,100,100,100,0,False
2025-06-10T20:13:45.101263,100,100,100,100,100,100,0,False
2025-06-10T20:13:45.132905,100,100,100,100,100,100,0,False
2025-06-10T20:13:45.164320,100,100,100,100,100,100,0,False
2025-06-10T20:13:45.196268,100,100,100,100,100,100,0,False
2025-06-10T20:13:45.227496,100,100,100,100,100,100,0,False
2025-06-10T20:13:45.258224,100,100,100,100,100,100,0,False
2025-06-10T20:13:45.289038,100,100,100,100,100,100,0,False
2025-06-10T20:13:45.319927,100,100,100,100,100,100,0,False
2025-06-10T20:13:45.349838,100,100,100,100,100,100,0,False
2025-06-10T20:13:45.380766,100,100,100,100,100,100,0,False
2025-06-10T20:13:45.412353,100,100,100,100,100,100,0,False
2025-06-10T20:13:45.459694,100,100,100,100,100,100,0,False
2025-06-10T20:13:45.490093,100,100,100,100,100,100,0,False
2025-06-10T20:13:45.537179,100,100,100,100,100,100,0,False
2025-06-10T20:13:45.569621,100,100,100,100,100,100,0,False
2025-06-10T20:13:45.600552,100,100,100,100,100,100,0,False
2025-06-10T20:13:45.647112,100,100,100,100,100,100,0,False
2025-06-10T20:13:45.693168,100,100,100,100,100,100,0,False
2025-06-10T20:13:45.739120,100,100,100,100,100,100,0,False
2025-06-10T20:13:45.770109,100,100,100,100,100,100,0,False
2025-06-10T20:13:45.801085,100,100,100,100,100,100,0,False
2025-06-10T20:13:45.831510,100,100,100,100,100,100,0,False
2025-06-10T20:13:45.862164,100,100,100,100,100,100,0,False
2025-06-10T20:13:45.907332,100,100,100,100,100,100,0,False
2025-06-10T20:13:45.937580,100,100,100,100,100,100,0,False
2025-06-10T20:13:45.968639,100,100,100,100,100,100,0,False
2025-06-10T20:13:45.999277,100,100,100,100,100,100,0,False
2025-06-10T20:13:46.030552,100,100,100,100,100,100,0,False
2025-06-10T20:13:46.060316,100,100,100,100,100,100,0,False
2025-06-10T20:13:46.106121,100,100,100,100,100,100,0,False
2025-06-10T20:13:46.137333,100,100,100,100,100,100,0,False
2025-06-10T20:13:46.168397,100,100,100,100,100,100,0,False
2025-06-10T20:13:46.199574,100,100,100,100,100,100,0,False
2025-06-10T20:13:46.214460,100,100,100,100,100,100,0,False
2025-06-10T20:13:46.260582,100,100,100,100,100,100,0,False
2025-06-10T20:13:46.291648,100,100,100,100,100,100,0,False
2025-06-10T20:13:46.322931,100,100,100,100,100,100,0,False
2025-06-10T20:13:46.354282,100,100,100,100,100,100,0,False
2025-06-10T20:13:46.399660,100,100,100,100,100,100,0,False
2025-06-10T20:13:46.431232,100,100,100,100,100,100,0,False
2025-06-10T20:13:46.478577,100,100,100,100,100,100,0,False
2025-06-10T20:13:46.508766,100,100,100,100,100,100,0,False
2025-06-10T20:13:46.539467,100,100,100,100,100,100,0,False
2025-06-10T20:13:46.570197,100,100,100,100,100,100,0,False
2025-06-10T20:13:46.586079,100,100,100,100,100,100,0,False
2025-06-10T20:13:46.632588,100,100,100,100,100,100,0,False
2025-06-10T20:13:46.663515,100,100,100,100,100,100,0,False
2025-06-10T20:13:46.694012,100,100,100,100,100,100,0,False
2025-06-10T20:13:46.740268,100,100,100,100,100,100,0,False
2025-06-10T20:13:46.772126,100,100,100,100,100,100,0,False
2025-06-10T20:13:46.803709,100,100,100,100,100,100,0,False
2025-06-10T20:13:46.834777,100,100,100,100,100,100,0,False
2025-06-10T20:13:46.881159,100,100,100,100,100,100,0,False
2025-06-10T20:13:46.912622,100,100,100,100,100,100,0,False
2025-06-10T20:13:46.958613,100,100,100,100,100,100,0,False
2025-06-10T20:13:46.974358,100,100,100,100,100,100,0,False
2025-06-10T20:13:47.005916,100,100,100,100,100,100,0,False
2025-06-10T20:13:47.053145,100,100,100,100,100,100,0,False
2025-06-10T20:13:47.099432,100,100,100,100,100,100,0,False
2025-06-10T20:13:47.130564,100,100,100,100,100,100,0,False
2025-06-10T20:13:47.177598,100,100,100,100,100,100,0,False
2025-06-10T20:13:47.192376,100,100,100,100,100,100,0,False
2025-06-10T20:13:47.222854,100,100,100,100,100,100,0,False
2025-06-10T20:13:47.253442,100,100,100,100,100,100,0,False
2025-06-10T20:13:47.300315,100,100,100,100,100,100,0,False
2025-06-10T20:13:47.331603,100,100,100,100,100,100,0,False
2025-06-10T20:13:47.378552,100,100,100,100,100,100,0,False
2025-06-10T20:13:47.409583,100,100,100,100,100,100,0,False
2025-06-10T20:13:47.424996,100,100,100,100,100,100,0,False
2025-06-10T20:13:47.472828,100,100,100,100,100,100,0,False
2025-06-10T20:13:47.503868,100,100,100,100,100,100,0,False
2025-06-10T20:13:47.535801,100,100,100,100,100,100,0,False
2025-06-10T20:13:47.583100,100,100,100,100,100,100,0,False
2025-06-10T20:13:47.597813,100,100,100,100,100,100,0,False
2025-06-10T20:13:47.644915,100,100,100,100,100,100,0,False
2025-06-10T20:13:47.675671,100,100,100,100,100,100,0,False
2025-06-10T20:13:47.707361,100,100,100,100,100,100,0,False
2025-06-10T20:13:47.722930,100,100,100,100,100,100,0,False
2025-06-10T20:13:47.768531,100,100,100,100,100,100,0,False
2025-06-10T20:13:47.814491,100,100,100,100,100,100,0,False
2025-06-10T20:13:47.845376,100,100,100,100,100,100,0,False
2025-06-10T20:13:47.875971,100,100,100,100,100,100,0,False
2025-06-10T20:13:47.937181,100,100,100,100,100,100,0,False
2025-06-10T20:13:47.968899,100,100,100,100,100,100,0,False
2025-06-10T20:13:47.999359,89,100,49.06669855117798,100,100,100,1,True
2025-06-10T20:13:48.045236,89,100,47.550952434539795,100,100,100,1,True
2025-06-10T20:13:48.060368,89,100,47.326838970184326,100,100,100,1,True
2025-06-10T20:13:48.091052,89,100,46.96664810180664,100,100,100,1,True
2025-06-10T20:13:48.137100,88,100,44.91922855377197,100,100,100,1,True
2025-06-10T20:13:48.167273,88,100,44.016873836517334,100,100,100,1,True
2025-06-10T20:13:48.198461,88,100,44.32646036148071,100,100,100,1,True
2025-06-10T20:13:48.244650,88,100,44.5796012878418,100,100,100,1,True
2025-06-10T20:13:48.277379,89,100,45.46228647232056,100,100,100,1,True
2025-06-10T20:13:48.337868,89,100,46.04229927062988,100,100,100,1,True
2025-06-10T20:13:48.384632,89,100,46.017324924468994,100,100,100,1,True
2025-06-10T20:13:48.415924,89,100,46.08718156814575,100,100,100,1,True
2025-06-10T20:13:48.447204,89,100,46.06572389602661,100,100,100,1,True
2025-06-10T20:13:48.492113,89,100,46.08926773071289,100,100,100,1,True
2025-06-10T20:13:48.522929,89,100,45.188164710998535,100,100,100,1,True
2025-06-10T20:13:48.553164,88,100,44.42266225814819,100,100,100,1,True
2025-06-10T20:13:48.583987,88,100,43.97270679473877,100,100,100,1,True
2025-06-10T20:13:48.631489,88,100,43.770527839660645,100,100,100,1,True
2025-06-10T20:13:48.663160,88,100,43.58640909194946,100,100,100,1,True
2025-06-10T20:13:48.710813,88,100,42.97879934310913,100,100,100,1,True
2025-06-10T20:13:48.743369,88,100,43.51476430892944,100,100,100,1,True
2025-06-10T20:13:48.789647,88,100,42.339539527893066,100,100,100,1,True
2025-06-10T20:13:48.805273,88,100,40.91838598251343,100,100,100,1,True
2025-06-10T20:13:48.882237,88,100,40.643370151519775,100,100,100,1,True
2025-06-10T20:13:48.913142,88,100,40.471351146698,100,100,100,1,True
2025-06-10T20:13:48.944174,88,100,40.53608179092407,100,100,100,1,True
2025-06-10T20:13:48.989858,88,100,41.19065999984741,100,100,100,1,True
2025-06-10T20:13:49.005540,88,100,41.72823429107666,100,100,100,1,True
2025-06-10T20:13:49.037460,88,100,41.73818826675415,100,100,100,1,True
2025-06-10T20:13:49.068463,88,100,41.99550151824951,100,100,100,1,True
2025-06-10T20:13:49.098615,88,100,41.92683696746826,100,100,100,1,True
2025-06-10T20:13:49.129686,88,100,42.016661167144775,100,100,100,1,True
2025-06-10T20:13:49.191891,88,100,42.262887954711914,100,100,100,1,True
2025-06-10T20:13:49.207498,88,100,42.47317314147949,100,100,100,1,True
2025-06-10T20:13:49.269454,88,100,43.81511211395264,100,100,100,1,True
2025-06-10T20:13:49.301130,89,100,45.28156518936157,100,100,100,1,True
2025-06-10T20:13:49.332600,100,100,100,100,100,100,0,False
2025-06-10T20:13:49.362882,100,100,100,100,100,100,0,False
2025-06-10T20:13:49.394987,100,100,100,100,100,100,0,False
2025-06-10T20:13:49.440191,100,100,100,100,100,100,0,False
2025-06-10T20:13:49.471303,100,100,100,100,100,100,0,False
2025-06-10T20:13:49.486468,100,100,100,100,100,100,0,False
2025-06-10T20:13:49.533628,100,100,100,100,100,100,0,False
2025-06-10T20:13:49.579990,100,100,100,100,100,100,0,False
2025-06-10T20:13:49.611659,100,100,100,100,100,100,0,False
2025-06-10T20:13:49.642437,100,100,100,100,100,100,0,False
2025-06-10T20:13:49.672936,100,100,100,100,100,100,0,False
2025-06-10T20:13:49.703205,100,100,100,100,100,100,0,False
2025-06-10T20:13:49.734616,100,100,100,100,100,100,0,False
2025-06-10T20:13:49.780593,100,100,100,100,100,100,0,False
2025-06-10T20:13:49.843198,100,100,100,100,100,100,0,False
2025-06-10T20:13:49.873908,100,100,100,100,100,100,0,False
2025-06-10T20:13:49.904599,100,100,100,100,100,100,0,False
2025-06-10T20:13:49.936558,100,100,100,100,100,100,0,False
2025-06-10T20:13:49.983605,100,100,100,100,100,100,0,False
2025-06-10T20:13:50.015322,100,100,100,100,100,100,0,False
2025-06-10T20:13:50.047347,100,100,100,100,100,100,0,False
2025-06-10T20:13:50.078062,100,100,100,100,100,100,0,False
2025-06-10T20:13:50.108369,100,100,100,100,100,100,0,False
2025-06-10T20:13:50.139378,100,100,100,100,100,100,0,False
2025-06-10T20:13:50.185803,100,100,100,100,100,100,0,False
2025-06-10T20:13:50.217207,100,100,100,100,100,100,0,False
2025-06-10T20:13:50.247241,100,100,100,100,100,100,0,False
2025-06-10T20:13:50.278575,100,100,100,100,100,100,0,False
2025-06-10T20:13:50.324713,100,100,100,100,100,100,0,False
2025-06-10T20:13:50.371145,100,100,100,100,100,100,0,False
2025-06-10T20:13:50.403377,100,100,100,100,100,100,0,False
2025-06-10T20:13:50.419297,100,100,100,100,100,100,0,False
2025-06-10T20:13:50.498553,100,100,100,100,100,100,0,False
2025-06-10T20:13:50.529339,100,100,100,100,100,100,0,False
2025-06-10T20:13:50.560875,100,100,100,100,100,100,0,False
2025-06-10T20:13:50.592472,100,100,100,100,100,100,0,False
2025-06-10T20:13:50.639171,100,100,100,100,100,100,0,False
2025-06-10T20:13:50.685401,100,100,100,100,100,100,0,False
2025-06-10T20:13:50.716452,100,100,100,100,100,100,0,False
2025-06-10T20:13:50.747336,100,100,100,100,100,100,0,False
2025-06-10T20:13:50.778809,100,100,100,100,100,100,0,False
2025-06-10T20:13:50.825325,100,100,100,100,100,100,0,False
2025-06-10T20:13:50.855968,100,100,100,100,100,100,0,False
2025-06-10T20:13:50.886486,100,100,100,100,100,100,0,False
2025-06-10T20:13:50.933155,100,100,100,100,100,100,0,False
2025-06-10T20:13:50.948558,100,100,100,100,100,100,0,False
2025-06-10T20:13:50.995474,100,100,100,100,100,100,0,False
2025-06-10T20:13:51.027553,100,100,100,100,100,100,0,False
2025-06-10T20:13:51.074319,100,100,100,100,100,100,0,False
2025-06-10T20:13:51.089730,100,100,100,100,100,100,0,False
2025-06-10T20:13:51.120396,100,100,100,100,100,100,0,False
2025-06-10T20:13:51.182693,100,100,100,100,100,100,0,False
2025-06-10T20:13:51.213935,100,100,100,100,100,100,0,False
2025-06-10T20:13:51.244689,100,100,100,100,100,100,0,False
2025-06-10T20:13:51.276329,100,100,100,100,100,100,0,False
2025-06-10T20:13:51.323619,100,100,100,100,100,100,0,False
2025-06-10T20:13:51.355100,100,100,100,100,100,100,0,False
2025-06-10T20:13:51.401235,100,100,100,100,100,100,0,False
2025-06-10T20:13:51.432933,100,100,100,100,100,100,0,False
2025-06-10T20:13:51.464408,100,100,100,100,100,100,0,False
2025-06-10T20:13:51.479807,100,100,100,100,100,100,0,False
2025-06-10T20:13:51.510956,100,100,100,100,100,100,0,False
2025-06-10T20:13:51.573374,100,100,100,100,100,100,0,False
2025-06-10T20:13:51.604843,100,100,100,100,100,100,0,False
2025-06-10T20:13:51.636463,100,100,100,100,100,100,0,False
2025-06-10T20:13:51.667141,100,100,100,100,100,100,0,False
2025-06-10T20:13:51.697572,100,100,100,100,100,100,0,False
2025-06-10T20:13:51.743259,100,100,100,100,100,100,0,False
2025-06-10T20:13:51.773487,100,100,100,100,100,100,0,False
2025-06-10T20:13:51.804950,100,100,100,100,100,100,0,False
2025-06-10T20:13:51.836437,100,100,100,100,100,100,0,False
2025-06-10T20:13:51.882697,100,100,100,100,100,100,0,False
2025-06-10T20:13:51.912649,100,100,100,100,100,100,0,False
2025-06-10T20:13:51.944756,100,100,100,100,100,100,0,False
2025-06-10T20:13:51.974950,100,100,100,100,100,100,0,False
2025-06-10T20:13:52.006176,100,100,100,100,100,100,0,False
2025-06-10T20:13:52.037411,100,100,100,100,100,100,0,False
2025-06-10T20:13:52.068414,100,100,100,100,100,100,0,False
2025-06-10T20:13:52.098430,100,100,100,100,100,100,0,False
2025-06-10T20:13:52.129767,100,100,100,100,100,100,0,False
2025-06-10T20:13:52.175685,100,100,100,100,100,100,0,False
2025-06-10T20:13:52.206238,100,100,100,100,100,100,0,False
2025-06-10T20:13:52.237286,100,100,100,100,100,100,0,False
2025-06-10T20:13:52.268787,100,100,100,100,100,100,0,False
2025-06-10T20:13:52.284275,100,100,100,100,100,100,0,False
2025-06-10T20:13:52.314471,100,100,100,100,100,100,0,False
2025-06-10T20:13:52.329691,100,100,100,100,100,100,0,False
2025-06-10T20:13:52.374445,100,100,100,100,100,100,0,False
2025-06-10T20:13:52.437605,100,100,100,100,100,100,0,False
2025-06-10T20:13:52.452706,100,100,100,100,100,100,0,False
2025-06-10T20:13:52.498628,100,100,100,100,100,100,0,False
2025-06-10T20:13:52.529438,100,100,100,100,100,100,0,False
2025-06-10T20:13:52.561079,100,100,100,100,100,100,0,False
2025-06-10T20:13:52.592606,100,100,100,100,100,100,0,False
2025-06-10T20:13:52.639692,100,100,100,100,100,100,0,False
2025-06-10T20:13:52.671024,100,100,100,100,100,100,0,False
2025-06-10T20:13:52.701993,100,100,100,100,100,100,0,False
2025-06-10T20:13:52.732958,100,100,100,100,100,100,0,False
2025-06-10T20:13:52.778421,100,100,100,100,100,100,0,False
2025-06-10T20:13:52.808583,100,100,100,100,100,100,0,False
2025-06-10T20:13:52.855124,100,100,100,100,100,100,0,False
2025-06-10T20:13:52.885952,100,100,100,100,100,100,0,False
2025-06-10T20:13:52.916536,100,100,100,100,100,100,0,False
2025-06-10T20:13:52.947581,100,100,100,100,100,100,0,False
2025-06-10T20:13:52.963414,100,100,100,100,100,100,0,False
2025-06-10T20:13:52.995068,100,100,100,100,100,100,0,False
2025-06-10T20:13:53.041401,100,100,100,100,100,100,0,False
2025-06-10T20:13:53.073502,100,100,100,100,100,100,0,False
2025-06-10T20:13:53.104740,100,100,100,100,100,100,0,False
2025-06-10T20:13:53.135729,100,100,100,100,100,100,0,False
2025-06-10T20:13:53.182831,100,100,100,100,100,100,0,False
2025-06-10T20:13:53.228885,100,100,100,100,100,100,0,False
2025-06-10T20:13:53.244461,100,100,100,100,100,100,0,False
2025-06-10T20:13:53.275838,100,100,100,100,100,100,0,False
2025-06-10T20:13:53.323343,100,100,100,100,100,100,0,False
2025-06-10T20:13:53.353280,100,100,100,100,100,100,0,False
2025-06-10T20:13:53.399397,100,100,100,100,100,100,0,False
2025-06-10T20:13:53.414957,100,100,100,100,100,100,0,False
2025-06-10T20:13:53.446202,100,100,100,100,100,100,0,False
2025-06-10T20:13:53.492417,100,100,100,100,100,100,0,False
2025-06-10T20:13:53.507573,100,100,100,100,100,100,0,False
2025-06-10T20:13:53.554026,100,100,100,100,100,100,0,False
2025-06-10T20:13:53.601337,100,100,100,100,100,100,0,False
2025-06-10T20:13:53.647443,100,100,100,100,100,100,0,False
2025-06-10T20:13:53.678677,100,100,100,100,100,100,0,False
2025-06-10T20:13:53.708962,100,100,100,100,100,100,0,False
2025-06-10T20:13:53.739775,89,100,46.10762596130371,100,100,100,1,True
2025-06-10T20:13:53.786483,100,100,100,100,100,100,0,False
2025-06-10T20:13:53.817519,100,100,100,100,100,100,0,False
2025-06-10T20:13:53.848486,100,100,100,100,100,100,0,False
2025-06-10T20:13:53.879404,100,100,100,100,100,100,0,False
2025-06-10T20:13:53.910134,100,100,100,100,100,100,0,False
2025-06-10T20:13:53.955845,100,100,100,100,100,100,0,False
2025-06-10T20:13:53.987444,100,100,100,100,100,100,0,False
2025-06-10T20:13:54.049425,100,100,100,100,100,100,0,False
2025-06-10T20:13:54.080377,100,100,100,100,100,100,0,False
2025-06-10T20:13:54.110349,100,100,100,100,100,100,0,False
2025-06-10T20:13:54.141488,100,100,100,100,100,100,0,False
2025-06-10T20:13:54.173417,100,100,100,100,100,100,0,False
2025-06-10T20:13:54.189132,100,100,100,100,100,100,0,False
2025-06-10T20:13:54.235950,100,100,100,100,100,100,0,False
2025-06-10T20:13:54.267594,100,100,100,100,100,100,0,False
2025-06-10T20:13:54.298816,100,100,100,100,100,100,0,False
2025-06-10T20:13:54.330048,100,100,100,100,100,100,0,False
2025-06-10T20:13:54.345780,100,100,100,100,100,100,0,False
2025-06-10T20:13:54.375946,100,100,100,100,100,100,0,False
2025-06-10T20:13:54.421685,100,100,100,100,100,100,0,False
2025-06-10T20:13:54.436912,100,100,100,100,100,100,0,False
2025-06-10T20:13:54.500390,100,100,100,100,100,100,0,False
2025-06-10T20:13:54.547212,100,100,100,100,100,100,0,False
2025-06-10T20:13:54.579166,100,100,100,100,100,100,0,False
2025-06-10T20:13:54.594643,100,100,100,100,100,100,0,False
2025-06-10T20:13:54.625372,100,100,100,100,100,100,0,False
2025-06-10T20:13:54.687849,100,100,100,100,100,100,0,False
2025-06-10T20:13:54.718889,100,100,100,100,100,100,0,False
2025-06-10T20:13:54.765275,100,100,100,100,100,100,0,False
2025-06-10T20:13:54.796382,100,100,100,100,100,100,0,False
2025-06-10T20:13:54.843396,100,100,100,100,100,100,0,False
2025-06-10T20:13:54.874498,100,100,100,100,100,100,0,False
2025-06-10T20:13:54.889583,100,100,100,100,100,100,0,False
2025-06-10T20:13:54.937223,100,100,100,100,100,100,0,False
2025-06-10T20:13:54.968849,100,100,100,100,100,100,0,False
2025-06-10T20:13:54.999217,100,100,100,100,100,100,0,False
2025-06-10T20:13:55.030766,100,100,100,100,100,100,0,False
2025-06-10T20:13:55.092752,100,100,100,100,100,100,0,False
2025-06-10T20:13:55.124495,100,100,100,100,100,100,0,False
2025-06-10T20:13:55.155229,100,100,100,100,100,100,0,False
2025-06-10T20:13:55.185895,100,100,100,100,100,100,0,False
2025-06-10T20:13:55.248626,100,100,100,100,100,100,0,False
2025-06-10T20:13:55.280142,100,100,100,100,100,100,0,False
2025-06-10T20:13:55.310777,100,100,100,100,100,100,0,False
2025-06-10T20:13:55.342431,100,100,100,100,100,100,0,False
2025-06-10T20:13:55.388210,100,100,100,100,100,100,0,False
2025-06-10T20:13:55.434080,100,100,100,100,100,100,0,False
2025-06-10T20:13:55.465427,100,100,100,100,100,100,0,False
2025-06-10T20:13:55.496038,100,100,100,100,100,100,0,False
2025-06-10T20:13:55.527424,100,100,100,100,100,100,0,False
2025-06-10T20:13:55.558421,100,100,100,100,100,100,0,False
2025-06-10T20:13:55.603869,100,100,100,100,100,100,0,False
2025-06-10T20:13:55.635273,100,100,100,100,100,100,0,False
2025-06-10T20:13:55.667283,100,100,100,100,100,100,0,False
2025-06-10T20:13:55.698604,100,100,100,100,100,100,0,False
2025-06-10T20:13:55.746263,100,100,100,100,100,100,0,False
2025-06-10T20:13:55.792899,100,100,100,100,100,100,0,False
2025-06-10T20:13:55.808544,100,100,100,100,100,100,0,False
2025-06-10T20:13:55.840098,100,100,100,100,100,100,0,False
2025-06-10T20:13:55.887297,100,100,100,100,100,100,0,False
2025-06-10T20:13:55.918402,100,100,100,100,100,100,0,False
2025-06-10T20:13:55.949325,100,100,100,100,100,100,0,False
2025-06-10T20:13:55.994835,100,100,100,100,100,100,0,False
2025-06-10T20:13:56.026046,100,100,100,100,100,100,0,False
2025-06-10T20:13:56.056010,100,100,100,100,100,100,0,False
2025-06-10T20:13:56.088569,100,100,100,100,100,100,0,False
2025-06-10T20:13:56.135114,100,100,100,100,100,100,0,False
2025-06-10T20:13:56.150302,100,100,100,100,100,100,0,False
2025-06-10T20:13:56.181066,100,100,100,100,100,100,0,False
2025-06-10T20:13:56.212264,100,100,100,100,100,100,0,False
2025-06-10T20:13:56.257396,100,100,100,100,100,100,0,False
2025-06-10T20:13:56.305171,100,100,100,100,100,100,0,False
2025-06-10T20:13:56.320853,100,100,100,100,100,100,0,False
2025-06-10T20:13:56.353398,100,100,100,100,100,100,0,False
2025-06-10T20:13:56.400506,100,100,100,100,100,100,0,False
2025-06-10T20:13:56.431292,100,100,100,100,100,100,0,False
2025-06-10T20:13:56.461254,100,100,100,100,100,100,0,False
2025-06-10T20:13:56.476397,100,100,100,100,100,100,0,False
2025-06-10T20:13:56.507552,100,100,100,100,100,100,0,False
2025-06-10T20:13:56.554172,100,100,100,100,100,100,0,False
2025-06-10T20:13:56.584365,100,100,100,100,100,100,0,False
2025-06-10T20:13:56.615056,100,100,100,100,100,100,0,False
2025-06-10T20:13:56.646383,100,100,100,100,100,100,0,False
2025-06-10T20:13:56.692543,100,100,100,100,100,100,0,False
2025-06-10T20:13:56.722457,100,100,100,100,100,100,0,False
2025-06-10T20:13:56.738424,100,100,100,100,100,100,0,False
2025-06-10T20:13:56.800501,100,100,100,100,100,100,0,False
2025-06-10T20:13:56.847332,100,100,100,100,100,100,0,False
2025-06-10T20:13:56.877324,100,100,100,100,100,100,0,False
2025-06-10T20:13:56.892881,100,100,100,100,100,100,0,False
2025-06-10T20:13:56.955231,100,100,100,100,100,100,0,False
2025-06-10T20:13:57.001200,100,100,100,100,100,100,0,False
2025-06-10T20:13:57.017249,100,100,100,100,100,100,0,False
2025-06-10T20:13:57.048888,100,100,100,100,100,100,0,False
2025-06-10T20:13:57.080940,100,100,100,100,100,100,0,False
2025-06-10T20:13:57.112299,100,100,100,100,100,100,0,False
2025-06-10T20:13:57.128422,100,100,100,100,100,100,0,False
2025-06-10T20:13:57.175852,100,100,100,100,100,100,0,False
2025-06-10T20:13:57.223338,100,100,100,100,100,100,0,False
2025-06-10T20:13:57.254216,100,100,100,100,100,100,0,False
2025-06-10T20:13:57.299577,100,100,100,100,100,100,0,False
2025-06-10T20:13:57.315233,100,100,100,100,100,100,0,False
2025-06-10T20:13:57.347368,100,100,100,100,100,100,0,False
2025-06-10T20:13:57.410184,100,100,100,100,100,100,0,False
2025-06-10T20:13:57.425667,100,100,100,100,100,100,0,False
2025-06-10T20:13:57.456414,100,100,100,100,100,100,0,False
2025-06-10T20:13:57.502921,100,100,100,100,100,100,0,False
2025-06-10T20:13:57.533099,100,100,100,100,100,100,0,False
2025-06-10T20:13:57.565121,100,100,100,100,100,100,0,False
2025-06-10T20:13:57.595130,100,100,100,100,100,100,0,False
2025-06-10T20:13:57.625794,100,100,100,100,100,100,0,False
2025-06-10T20:13:57.641341,89,100,49.84930753707886,100,100,100,1,True
2025-06-10T20:13:57.687306,89,100,49.906766414642334,100,100,100,1,True
2025-06-10T20:13:57.717877,89,100,49.8177170753479,100,100,100,1,True
2025-06-10T20:13:57.749488,89,100,49.757516384124756,100,100,100,1,True
2025-06-10T20:13:57.797254,100,100,100,100,100,100,0,False
2025-06-10T20:13:57.812418,100,100,100,100,100,100,0,False
2025-06-10T20:13:57.843527,100,100,100,100,100,100,0,False
2025-06-10T20:13:57.889483,100,100,100,100,100,100,0,False
2025-06-10T20:13:57.920335,100,100,100,100,100,100,0,False
2025-06-10T20:13:57.951670,100,100,100,100,100,100,0,False
2025-06-10T20:13:57.982677,100,100,100,100,100,100,0,False
2025-06-10T20:13:58.013346,100,100,100,100,100,100,0,False
2025-06-10T20:13:58.045288,100,100,100,100,100,100,0,False
2025-06-10T20:13:58.090606,100,100,100,100,100,100,0,False
2025-06-10T20:13:58.105963,100,100,100,100,100,100,0,False
2025-06-10T20:13:58.137352,89,100,49.990153312683105,100,100,100,1,True
2025-06-10T20:13:58.183836,100,100,100,100,100,100,0,False
2025-06-10T20:13:58.214367,100,100,100,100,100,100,0,False
2025-06-10T20:13:58.244808,100,100,100,100,100,100,0,False
2025-06-10T20:13:58.291359,100,100,100,100,100,100,0,False
2025-06-10T20:13:58.307328,100,100,100,100,100,100,0,False
2025-06-10T20:13:58.353452,100,100,100,100,100,100,0,False
2025-06-10T20:13:58.399874,100,100,100,100,100,100,0,False
2025-06-10T20:13:58.415612,100,100,100,100,100,100,0,False
2025-06-10T20:13:58.445683,100,100,100,100,100,100,0,False
2025-06-10T20:13:58.493113,100,100,100,100,100,100,0,False
2025-06-10T20:13:58.524634,100,100,100,100,100,100,0,False
2025-06-10T20:13:58.540703,100,100,100,100,100,100,0,False
2025-06-10T20:13:58.587350,100,100,100,100,100,100,0,False
2025-06-10T20:13:58.633986,100,100,100,100,100,100,0,False
2025-06-10T20:13:58.665002,100,100,100,100,100,100,0,False
2025-06-10T20:13:58.695666,100,100,100,100,100,100,0,False
2025-06-10T20:13:58.711542,100,100,100,100,100,100,0,False
2025-06-10T20:13:58.742750,100,100,100,100,100,100,0,False
2025-06-10T20:13:58.805603,100,100,100,100,100,100,0,False
2025-06-10T20:13:58.852339,100,100,100,100,100,100,0,False
2025-06-10T20:13:58.868314,100,100,100,100,100,100,0,False
2025-06-10T20:13:58.899832,100,100,100,100,100,100,0,False
2025-06-10T20:13:58.947587,100,100,100,100,100,100,0,False
2025-06-10T20:13:58.978863,100,100,100,100,100,100,0,False
2025-06-10T20:13:58.994243,100,100,100,100,100,100,0,False
2025-06-10T20:13:59.025739,100,100,100,100,100,100,0,False
2025-06-10T20:13:59.073605,100,100,100,100,100,100,0,False
2025-06-10T20:13:59.103700,100,100,100,100,100,100,0,False
2025-06-10T20:13:59.150147,100,100,100,100,100,100,0,False
2025-06-10T20:13:59.196124,100,100,100,100,100,100,0,False
2025-06-10T20:13:59.227213,100,100,100,100,100,100,0,False
2025-06-10T20:13:59.242631,100,100,100,100,100,100,0,False
2025-06-10T20:13:59.319899,100,100,100,100,100,100,0,False
2025-06-10T20:13:59.351656,100,100,100,100,100,100,0,False
2025-06-10T20:13:59.382723,100,100,100,100,100,100,0,False
2025-06-10T20:13:59.412292,100,100,100,100,100,100,0,False
2025-06-10T20:13:59.458493,100,100,100,100,100,100,0,False
2025-06-10T20:13:59.489399,100,100,100,100,100,100,0,False
2025-06-10T20:13:59.521095,100,100,100,100,100,100,0,False
2025-06-10T20:13:59.551801,100,100,100,100,100,100,0,False
2025-06-10T20:13:59.597618,100,100,100,100,100,100,0,False
2025-06-10T20:13:59.628413,100,100,100,100,100,100,0,False
2025-06-10T20:13:59.659284,100,100,100,100,100,100,0,False
2025-06-10T20:13:59.690889,100,100,100,100,100,100,0,False
2025-06-10T20:13:59.706418,100,100,100,100,100,100,0,False
2025-06-10T20:13:59.737646,100,100,100,100,100,100,0,False
2025-06-10T20:13:59.785749,100,100,100,100,100,100,0,False
2025-06-10T20:13:59.833150,100,100,100,100,100,100,0,False
2025-06-10T20:13:59.864345,100,100,100,100,100,100,0,False
2025-06-10T20:13:59.895663,100,100,100,100,100,100,0,False
2025-06-10T20:13:59.910887,100,100,100,100,100,100,0,False
2025-06-10T20:13:59.942475,100,100,100,100,100,100,0,False
2025-06-10T20:14:00.004126,89,100,49.70220327377319,100,100,100,1,True
2025-06-10T20:14:00.035346,89,100,47.33685255050659,100,100,100,1,True
2025-06-10T20:14:00.066065,89,100,46.1938738822937,100,100,100,1,True
2025-06-10T20:14:00.112716,88,100,44.809138774871826,100,100,100,1,True
2025-06-10T20:14:00.128167,88,100,43.75211000442505,100,100,100,1,True
2025-06-10T20:14:00.159276,88,100,41.439032554626465,100,100,100,1,True
2025-06-10T20:14:00.205082,88,100,40.7767653465271,100,100,100,1,True
2025-06-10T20:14:00.235130,88,100,40.307438373565674,100,100,100,1,True
2025-06-10T20:14:00.267151,88,100,40,100,100,100,1,True
2025-06-10T20:14:00.297956,88,100,40,100,100,100,1,True
2025-06-10T20:14:00.344203,88,100,40,100,100,100,1,True
2025-06-10T20:14:00.390834,88,100,40,100,100,100,1,True
2025-06-10T20:14:00.422931,88,100,40,100,100,100,1,True
2025-06-10T20:14:00.454563,88,100,40,100,100,100,1,True
2025-06-10T20:14:00.501387,88,100,40,100,100,100,1,True
2025-06-10T20:14:00.517373,88,100,41.78760051727295,100,100,100,1,True
2025-06-10T20:14:00.548719,88,100,43.46785545349121,100,100,100,1,True
2025-06-10T20:14:00.594555,88,100,43.92472505569458,100,100,100,1,True
2025-06-10T20:14:00.625612,88,100,44.13399696350098,100,100,100,1,True
2025-06-10T20:14:00.673396,88,100,44.05472278594971,100,100,100,1,True
2025-06-10T20:14:00.703255,88,100,43.91101598739624,100,100,100,1,True
2025-06-10T20:14:00.719065,88,100,44.03958320617676,100,100,100,1,True
2025-06-10T20:14:00.750333,88,100,43.98796558380127,100,100,100,1,True
2025-06-10T20:14:00.796542,88,100,43.442344665527344,100,100,100,1,True
2025-06-10T20:14:00.811733,88,100,43.131327629089355,100,100,100,1,True
2025-06-10T20:14:00.842387,88,100,42.92616844177246,100,100,100,1,True
2025-06-10T20:14:00.888465,88,100,43.14485788345337,100,100,100,1,True
2025-06-10T20:14:00.919110,88,100,43.29410791397095,100,100,100,1,True
2025-06-10T20:14:00.950328,88,100,44.3202018737793,100,100,100,1,True
2025-06-10T20:14:00.980796,88,100,44.30255889892578,100,100,100,1,True
2025-06-10T20:14:01.011648,88,100,44.182515144348145,100,100,100,1,True
2025-06-10T20:14:01.073758,88,100,44.05186176300049,100,100,100,1,True
2025-06-10T20:14:01.120972,88,100,43.878769874572754,100,100,100,1,True
2025-06-10T20:14:01.151056,88,100,43.5114860534668,100,100,100,1,True
2025-06-10T20:14:01.181798,88,100,43.073570728302,100,100,100,1,True
2025-06-10T20:14:01.212231,88,100,42.901432514190674,100,100,100,1,True
2025-06-10T20:14:01.227321,88,100,42.79277324676514,100,100,100,1,True
2025-06-10T20:14:01.258405,88,100,42.90584325790405,100,100,100,1,True
2025-06-10T20:14:01.290222,88,100,43.5620903968811,100,100,100,1,True
2025-06-10T20:14:01.321895,88,100,44.36866044998169,100,100,100,1,True
2025-06-10T20:14:01.337813,88,100,44.35679912567139,100,100,100,1,True
2025-06-10T20:14:01.384286,88,100,44.65219974517822,100,100,100,1,True
2025-06-10T20:14:01.430960,88,100,44.87106800079346,100,100,100,1,True
2025-06-10T20:14:01.446849,88,100,44.84591484069824,100,100,100,1,True
2025-06-10T20:14:01.492662,88,100,44.80538368225098,100,100,100,1,True
2025-06-10T20:14:01.523230,89,100,45.27643918991089,100,100,100,1,True
2025-06-10T20:14:01.553421,89,100,45.1671838760376,100,100,100,1,True
2025-06-10T20:14:01.600642,89,100,45.05733251571655,100,100,100,1,True
2025-06-10T20:14:01.616385,88,100,44.74780559539795,100,100,100,1,True
2025-06-10T20:14:01.648411,88,100,44.03958320617676,100,100,100,1,True
2025-06-10T20:14:01.695214,88,100,44.930851459503174,100,100,100,1,True
2025-06-10T20:14:01.710173,89,100,45.91885805130005,100,100,100,1,True
2025-06-10T20:14:01.756249,89,100,45.912718772888184,100,100,100,1,True
2025-06-10T20:14:01.771706,89,100,45.866405963897705,100,100,100,1,True
2025-06-10T20:14:01.818403,88,100,43.92520189285278,100,100,100,1,True
2025-06-10T20:14:01.848386,88,100,42.974746227264404,100,100,100,1,True
2025-06-10T20:14:01.879827,88,100,42.219674587249756,100,100,100,1,True
2025-06-10T20:14:01.910964,88,100,42.20346212387085,100,100,100,1,True
2025-06-10T20:14:01.941101,88,100,41.01518392562866,100,100,100,1,True
2025-06-10T20:14:02.018987,88,100,40.8831000328064,100,100,100,1,True
2025-06-10T20:14:02.050637,88,100,40.71328639984131,100,100,100,1,True
2025-06-10T20:14:02.082263,88,100,41.43688678741455,100,100,100,1,True
2025-06-10T20:14:02.112632,88,100,42.980408668518066,100,100,100,1,True
2025-06-10T20:14:02.143578,88,100,43.450331687927246,100,100,100,1,True
2025-06-10T20:14:02.174913,88,100,41.66284799575806,100,100,100,1,True
2025-06-10T20:14:02.221006,88,100,40.2691125869751,100,100,100,1,True
2025-06-10T20:14:02.252058,88,100,41.05660915374756,100,100,100,1,True
2025-06-10T20:14:02.267472,88,100,40.931737422943115,100,100,100,1,True
2025-06-10T20:14:02.298633,88,100,40.33551216125488,100,100,100,1,True
2025-06-10T20:14:02.344317,88,100,40,100,100,100,1,True
2025-06-10T20:14:02.390338,88,100,40,100,100,100,1,True
2025-06-10T20:14:02.405952,88,100,40,100,100,100,1,True
2025-06-10T20:14:02.468399,88,100,40,100,100,100,1,True
2025-06-10T20:14:02.514500,88,100,40,100,100,100,1,True
2025-06-10T20:14:02.530304,88,100,40,100,100,100,1,True
2025-06-10T20:14:02.561659,88,100,40,100,100,100,1,True
2025-06-10T20:14:02.577063,88,100,40,100,100,100,1,True
2025-06-10T20:14:02.608303,88,100,40,100,100,100,1,True
2025-06-10T20:14:02.669411,88,100,40,100,100,100,1,True
2025-06-10T20:14:02.684798,88,100,40,100,100,100,1,True
2025-06-10T20:14:02.715649,88,100,40.09840488433838,100,100,100,1,True
2025-06-10T20:14:02.746531,88,100,40.209150314331055,100,100,100,1,True
2025-06-10T20:14:02.809402,88,100,40.00542163848877,100,100,100,1,True
2025-06-10T20:14:02.824715,88,100,40,100,100,100,1,True
2025-06-10T20:14:02.855944,88,100,40,100,100,100,1,True
2025-06-10T20:14:02.902369,88,100,40.11342525482178,100,100,100,1,True
2025-06-10T20:14:02.948769,88,100,40.33938646316528,100,100,100,1,True
2025-06-10T20:14:02.980313,88,100,40.64342975616455,100,100,100,1,True
2025-06-10T20:14:03.012063,88,100,40.971195697784424,100,100,100,1,True
2025-06-10T20:14:03.043496,88,100,41.37012958526611,100,100,100,1,True
2025-06-10T20:14:03.074685,88,100,41.396355628967285,100,100,100,1,True
2025-06-10T20:14:03.120310,88,100,41.422224044799805,100,100,100,1,True
2025-06-10T20:14:03.136745,88,100,41.55925512313843,100,100,100,1,True
2025-06-10T20:14:03.167547,88,100,41.608428955078125,100,100,100,1,True
2025-06-10T20:14:03.214095,88,100,41.648781299591064,100,100,100,1,True
2025-06-10T20:14:03.259807,88,100,41.68078899383545,100,100,100,1,True
2025-06-10T20:14:03.275360,88,100,42.17437505722046,100,100,100,1,True
2025-06-10T20:14:03.307488,88,100,42.144811153411865,100,100,100,1,True
2025-06-10T20:14:03.353498,88,100,42.49618053436279,100,100,100,1,True
2025-06-10T20:14:03.385219,88,100,42.834317684173584,100,100,100,1,True
2025-06-10T20:14:03.415827,88,100,42.30586290359497,100,100,100,1,True
2025-06-10T20:14:03.447488,88,100,41.11448526382446,100,100,100,1,True
2025-06-10T20:14:03.478394,88,100,40.55575132369995,100,100,100,1,True
2025-06-10T20:14:03.494036,88,100,40.32883644104004,100,100,100,1,True
2025-06-10T20:14:03.556290,88,100,40.033912658691406,100,100,100,1,True
2025-06-10T20:14:03.602565,88,100,40.453946590423584,100,100,100,1,True
2025-06-10T20:14:03.633146,88,100,40.756380558013916,100,100,100,1,True
2025-06-10T20:14:03.679390,88,100,41.99633598327637,100,100,100,1,True
2025-06-10T20:14:03.694496,88,100,42.89809465408325,100,100,100,1,True
2025-06-10T20:14:03.724712,88,100,43.27819347381592,100,100,100,1,True
2025-06-10T20:14:03.756160,88,100,43.73810291290283,100,100,100,1,True
2025-06-10T20:14:03.787866,88,100,44.1942572593689,100,100,100,1,True
2025-06-10T20:14:03.803442,88,100,44.73743438720703,100,100,100,1,True
2025-06-10T20:14:03.866256,88,100,44.793522357940674,100,100,100,1,True
2025-06-10T20:14:03.882077,88,100,44.8322057723999,100,100,100,1,True
2025-06-10T20:14:03.912345,88,100,44.73665952682495,100,100,100,1,True
2025-06-10T20:14:03.943487,88,100,44.438934326171875,100,100,100,1,True
2025-06-10T20:14:04.004118,88,100,43.83668899536133,100,100,100,1,True
2025-06-10T20:14:04.035113,88,100,43.57717037200928,100,100,100,1,True
2025-06-10T20:14:04.080810,88,100,43.81493330001831,100,100,100,1,True
2025-06-10T20:14:04.095940,88,100,43.97205114364624,100,100,100,1,True
2025-06-10T20:14:04.111386,88,100,43.91822814941406,100,100,100,1,True
2025-06-10T20:14:04.158013,88,100,43.689703941345215,100,100,100,1,True
2025-06-10T20:14:04.188619,88,100,43.60613822937012,100,100,100,1,True
2025-06-10T20:14:04.220278,88,100,43.20899248123169,100,100,100,1,True
2025-06-10T20:14:04.265935,88,100,43.058133125305176,100,100,100,1,True
2025-06-10T20:14:04.297318,88,100,42.94178485870361,100,100,100,1,True
2025-06-10T20:14:04.313411,88,100,42.98619031906128,100,100,100,1,True
2025-06-10T20:14:04.344996,88,100,43.0164098739624,100,100,100,1,True
2025-06-10T20:14:04.392501,88,100,42.6347017288208,100,100,100,1,True
2025-06-10T20:14:04.438790,88,100,42.42745637893677,100,100,100,1,True
2025-06-10T20:14:04.468421,88,100,41.3338303565979,100,100,100,1,True
2025-06-10T20:14:04.498876,88,100,40.73206186294556,100,100,100,1,True
2025-06-10T20:14:04.544969,88,100,40.748631954193115,100,100,100,1,True
2025-06-10T20:14:04.575384,88,100,40.61005115509033,100,100,100,1,True
2025-06-10T20:14:04.607215,88,100,40.496206283569336,100,100,100,1,True
2025-06-10T20:14:04.638902,88,100,41.87164306640625,100,100,100,1,True
2025-06-10T20:14:04.685648,88,100,42.19321012496948,100,100,100,1,True
2025-06-10T20:14:04.701698,88,100,41.63304567337036,100,100,100,1,True
2025-06-10T20:14:04.748141,88,100,42.73954629898071,100,100,100,1,True
2025-06-10T20:14:04.778364,88,100,43.496108055114746,100,100,100,1,True
2025-06-10T20:14:04.809577,88,100,43.298399448394775,100,100,100,1,True
2025-06-10T20:14:04.857080,88,100,43.52465867996216,100,100,100,1,True
2025-06-10T20:14:04.872343,88,100,43.62819194793701,100,100,100,1,True
2025-06-10T20:14:04.918426,88,100,43.53288412094116,100,100,100,1,True
2025-06-10T20:14:04.980577,88,100,41.57034158706665,100,100,100,1,True
2025-06-10T20:14:05.010696,88,100,41.06990098953247,100,100,100,1,True
2025-06-10T20:14:05.025595,88,100,41.06107950210571,100,100,100,1,True
2025-06-10T20:14:05.072577,88,100,41.245317459106445,100,100,100,1,True
2025-06-10T20:14:05.104038,88,100,41.63632392883301,100,100,100,1,True
2025-06-10T20:14:05.135159,88,100,42.908644676208496,100,100,100,1,True
2025-06-10T20:14:05.165292,88,100,43.21632385253906,100,100,100,1,True
2025-06-10T20:14:05.195932,88,100,43.31175088882446,100,100,100,1,True
2025-06-10T20:14:05.226502,88,100,43.47900152206421,100,100,100,1,True
2025-06-10T20:14:05.256504,88,100,44.17601823806763,100,100,100,1,True
2025-06-10T20:14:05.287350,88,100,44.68206167221069,100,100,100,1,True
2025-06-10T20:14:05.318057,89,100,45.13028860092163,100,100,100,1,True
2025-06-10T20:14:05.364326,88,100,44.78344917297363,100,100,100,1,True
2025-06-10T20:14:05.379633,88,100,44.473862648010254,100,100,100,1,True
2025-06-10T20:14:05.410559,88,100,44.5263147354126,100,100,100,1,True
2025-06-10T20:14:05.471888,88,100,40,100,100,100,1,True
2025-06-10T20:14:05.502227,88,100,40,100,100,100,1,True
2025-06-10T20:14:05.518317,88,100,40,100,100,100,1,True
2025-06-10T20:14:05.580403,88,100,44.48244571685791,100,100,100,1,True
2025-06-10T20:14:05.626456,89,100,48.63659143447876,100,100,100,1,True
2025-06-10T20:14:05.642030,88,100,41.00004434585571,100,100,100,1,True
2025-06-10T20:14:05.673289,88,100,42.93421506881714,100,100,100,1,True
2025-06-10T20:14:05.719385,88,100,44.282710552215576,100,100,100,1,True
2025-06-10T20:14:05.735501,100,100,100,100,100,100,0,False
2025-06-10T20:14:05.767286,100,100,100,100,100,100,0,False
2025-06-10T20:14:05.797250,100,100,100,100,100,100,0,False
2025-06-10T20:14:05.843036,100,100,100,100,100,100,0,False
2025-06-10T20:14:05.873616,100,100,100,100,100,100,0,False
2025-06-10T20:14:05.904829,100,100,100,100,100,100,0,False
2025-06-10T20:14:05.936015,100,100,100,100,100,100,0,False
2025-06-10T20:14:05.983077,100,100,100,100,100,100,0,False
2025-06-10T20:14:06.014705,100,100,100,100,100,100,0,False
2025-06-10T20:14:06.045862,100,100,100,100,100,100,0,False
2025-06-10T20:14:06.077565,100,100,100,100,100,100,0,False
2025-06-10T20:14:06.107577,100,100,100,100,100,100,0,False
2025-06-10T20:14:06.138785,100,100,100,100,100,100,0,False
2025-06-10T20:14:06.168980,100,100,100,100,100,100,0,False
2025-06-10T20:14:06.200063,100,100,100,100,100,100,0,False
2025-06-10T20:14:06.215128,100,100,100,100,100,100,0,False
2025-06-10T20:14:06.261954,100,100,100,100,100,100,0,False
2025-06-10T20:14:06.292862,100,100,100,100,100,100,0,False
2025-06-10T20:14:06.340036,100,100,100,100,100,100,0,False
2025-06-10T20:14:06.372369,100,100,100,100,100,100,0,False
2025-06-10T20:14:06.420126,100,100,100,100,100,100,0,False
2025-06-10T20:14:06.451644,100,100,100,100,100,100,0,False
2025-06-10T20:14:06.467467,100,100,100,100,100,100,0,False
2025-06-10T20:14:06.498545,100,100,100,100,100,100,0,False
2025-06-10T20:14:06.545085,100,100,100,100,100,100,0,False
2025-06-10T20:14:06.576071,100,100,100,100,100,100,0,False
2025-06-10T20:14:06.623463,100,100,100,100,100,100,0,False
2025-06-10T20:14:06.668819,100,100,100,100,100,100,0,False
2025-06-10T20:14:06.699250,100,100,100,100,100,100,0,False
2025-06-10T20:14:06.730339,100,100,100,100,100,100,0,False
2025-06-10T20:14:06.777224,100,100,100,100,100,100,0,False
2025-06-10T20:14:06.824903,100,100,100,100,100,100,0,False
2025-06-10T20:14:06.840990,100,100,100,100,100,100,0,False
2025-06-10T20:14:06.873132,100,100,100,100,100,100,0,False
2025-06-10T20:14:06.904348,100,100,100,100,100,100,0,False
2025-06-10T20:14:06.935037,100,100,100,100,100,100,0,False
2025-06-10T20:14:06.980776,100,100,100,100,100,100,0,False
2025-06-10T20:14:07.010878,100,100,100,100,100,100,0,False
2025-06-10T20:14:07.041618,100,100,100,100,100,100,0,False
2025-06-10T20:14:07.072794,100,100,100,100,100,100,0,False
2025-06-10T20:14:07.119305,100,100,100,100,100,100,0,False
2025-06-10T20:14:07.165444,100,100,100,100,100,100,0,False
2025-06-10T20:14:07.196389,100,100,100,100,100,100,0,False
2025-06-10T20:14:07.227804,100,100,100,100,100,100,0,False
2025-06-10T20:14:07.258078,100,100,100,100,100,100,0,False
2025-06-10T20:14:07.289628,100,100,100,100,100,100,0,False
2025-06-10T20:14:07.334641,100,100,100,100,100,100,0,False
2025-06-10T20:14:07.381149,100,100,100,100,100,100,0,False
2025-06-10T20:14:07.397210,100,100,100,100,100,100,0,False
2025-06-10T20:14:07.427302,100,100,100,100,100,100,0,False
2025-06-10T20:14:07.457470,100,100,100,100,100,100,0,False
2025-06-10T20:14:07.488016,100,100,100,100,100,100,0,False
2025-06-10T20:14:07.534729,100,100,100,100,100,100,0,False
2025-06-10T20:14:07.565734,100,100,100,100,100,100,0,False
2025-06-10T20:14:07.597115,100,100,100,100,100,100,0,False
2025-06-10T20:14:07.628512,100,100,100,100,100,100,0,False
2025-06-10T20:14:07.659360,100,100,100,100,100,100,0,False
2025-06-10T20:14:07.690258,100,100,100,100,100,100,0,False
2025-06-10T20:14:07.737158,100,100,100,100,100,100,0,False
2025-06-10T20:14:07.768692,100,100,100,100,100,100,0,False
2025-06-10T20:14:07.799471,100,100,100,100,100,100,0,False
2025-06-10T20:14:07.829894,100,100,100,100,100,100,0,False
2025-06-10T20:14:07.861215,100,100,100,100,100,100,0,False
2025-06-10T20:14:07.892954,100,100,100,100,100,100,0,False
2025-06-10T20:14:07.939241,100,100,100,100,100,100,0,False
2025-06-10T20:14:07.985403,100,100,100,100,100,100,0,False
2025-06-10T20:14:08.017432,100,100,100,100,100,100,0,False
2025-06-10T20:14:08.048579,100,100,100,100,100,100,0,False
2025-06-10T20:14:08.094876,100,100,100,100,100,100,0,False
2025-06-10T20:14:08.126146,100,100,100,100,100,100,0,False
2025-06-10T20:14:08.173095,100,100,100,100,100,100,0,False
2025-06-10T20:14:08.204092,100,100,100,100,100,100,0,False
2025-06-10T20:14:08.234835,100,100,100,100,100,100,0,False
2025-06-10T20:14:08.250606,100,100,100,100,100,100,0,False
2025-06-10T20:14:08.281406,100,100,100,100,100,100,0,False
2025-06-10T20:14:08.327519,100,100,100,100,100,100,0,False
2025-06-10T20:14:08.389504,100,100,100,100,100,100,0,False
2025-06-10T20:14:08.405131,100,100,100,100,100,100,0,False
2025-06-10T20:14:08.435965,100,100,100,100,100,100,0,False
2025-06-10T20:14:08.467423,100,100,100,100,100,100,0,False
2025-06-10T20:14:08.514313,100,100,100,100,100,100,0,False
2025-06-10T20:14:08.559998,100,100,100,100,100,100,0,False
2025-06-10T20:14:08.591591,100,100,100,100,100,100,0,False
2025-06-10T20:14:08.622527,100,100,100,100,100,100,0,False
2025-06-10T20:14:08.653868,100,100,100,100,100,100,0,False
2025-06-10T20:14:08.685040,100,100,100,100,100,100,0,False
2025-06-10T20:14:08.730857,100,100,100,100,100,100,0,False
2025-06-10T20:14:08.763026,100,100,100,100,100,100,0,False
2025-06-10T20:14:08.794166,100,100,100,100,100,100,0,False
2025-06-10T20:14:08.824887,100,100,100,100,100,100,0,False
2025-06-10T20:14:08.870491,100,100,100,100,100,100,0,False
2025-06-10T20:14:08.915390,100,100,100,100,100,100,0,False
2025-06-10T20:14:08.962460,100,100,100,100,100,100,0,False
2025-06-10T20:14:08.992392,100,100,100,100,100,100,0,False
2025-06-10T20:14:09.023036,100,100,100,100,100,100,0,False
2025-06-10T20:14:09.053935,100,100,100,100,100,100,0,False
2025-06-10T20:14:09.101753,100,100,100,100,100,100,0,False
2025-06-10T20:14:09.132780,100,100,100,100,100,100,0,False
2025-06-10T20:14:09.177616,100,100,100,100,100,100,0,False
2025-06-10T20:14:09.209283,100,100,100,100,100,100,0,False
2025-06-10T20:14:09.239921,100,100,100,100,100,100,0,False
2025-06-10T20:14:09.286545,100,100,100,100,100,100,0,False
2025-06-10T20:14:09.332436,100,100,100,100,100,100,0,False
2025-06-10T20:14:09.363751,100,100,100,100,100,100,0,False
2025-06-10T20:14:09.395120,100,100,100,100,100,100,0,False
2025-06-10T20:14:09.442167,100,100,100,100,100,100,0,False
2025-06-10T20:14:09.472608,100,100,100,100,100,100,0,False
2025-06-10T20:14:09.502241,100,100,100,100,100,100,0,False
2025-06-10T20:14:09.533559,100,100,100,100,100,100,0,False
2025-06-10T20:14:09.564114,100,100,100,100,100,100,0,False
2025-06-10T20:14:09.610833,100,100,100,100,100,100,0,False
2025-06-10T20:14:09.625991,100,100,100,100,100,100,0,False
2025-06-10T20:14:09.671676,100,100,100,100,100,100,0,False
2025-06-10T20:14:09.717343,100,100,100,100,100,100,0,False
2025-06-10T20:14:09.733411,100,100,100,100,100,100,0,False
2025-06-10T20:14:09.764069,100,100,100,100,100,100,0,False
2025-06-10T20:14:09.811611,100,100,100,100,100,100,0,False
2025-06-10T20:14:09.843157,100,100,100,100,100,100,0,False
2025-06-10T20:14:09.874212,100,100,100,100,100,100,0,False
2025-06-10T20:14:09.920877,100,100,100,100,100,100,0,False
2025-06-10T20:14:09.952414,100,100,100,100,100,100,0,False
2025-06-10T20:14:09.997922,100,100,100,100,100,100,0,False
2025-06-10T20:14:10.029477,100,100,100,100,100,100,0,False
2025-06-10T20:14:10.061687,100,100,100,100,100,100,0,False
2025-06-10T20:14:10.109705,100,100,100,100,100,100,0,False
2025-06-10T20:14:10.125372,100,100,100,100,100,100,0,False
2025-06-10T20:14:10.156343,100,100,100,100,100,100,0,False
2025-06-10T20:14:10.187737,100,100,100,100,100,100,0,False
2025-06-10T20:14:10.235651,100,100,100,100,100,100,0,False
2025-06-10T20:14:10.265748,100,100,100,100,100,100,0,False
2025-06-10T20:14:10.297474,100,100,100,100,100,100,0,False
2025-06-10T20:14:10.327451,100,100,100,100,100,100,0,False
2025-06-10T20:14:10.389751,100,100,100,100,100,100,0,False
2025-06-10T20:14:10.421374,100,100,100,100,100,100,0,False
2025-06-10T20:14:10.468831,100,100,100,100,100,100,0,False
2025-06-10T20:14:10.484960,100,100,100,100,100,100,0,False
2025-06-10T20:14:10.531015,100,100,100,100,100,100,0,False
2025-06-10T20:14:10.561211,100,100,100,100,100,100,0,False
2025-06-10T20:14:10.592912,100,100,100,100,100,100,0,False
2025-06-10T20:14:10.639850,100,100,100,100,100,100,0,False
2025-06-10T20:14:10.670432,100,100,100,100,100,100,0,False
2025-06-10T20:14:10.701433,100,100,100,100,100,100,0,False
2025-06-10T20:14:10.749171,100,100,100,100,100,100,0,False
2025-06-10T20:14:10.764179,100,100,100,100,100,100,0,False
2025-06-10T20:14:10.810043,100,100,100,100,100,100,0,False
2025-06-10T20:14:10.855866,100,100,100,100,100,100,0,False
2025-06-10T20:14:10.887354,100,100,100,100,100,100,0,False
2025-06-10T20:14:10.933808,100,100,100,100,100,100,0,False
2025-06-10T20:14:10.949332,100,100,100,100,100,100,0,False
2025-06-10T20:14:10.980543,100,100,100,100,100,100,0,False
2025-06-10T20:14:11.026268,100,100,100,100,100,100,0,False
2025-06-10T20:14:11.057361,100,100,100,100,100,100,0,False
2025-06-10T20:14:11.089487,100,100,100,100,100,100,0,False
2025-06-10T20:14:11.121063,100,100,100,100,100,100,0,False
2025-06-10T20:14:11.168246,100,100,100,100,100,100,0,False
2025-06-10T20:14:11.199269,100,100,100,100,100,100,0,False
2025-06-10T20:14:11.246864,100,100,100,100,100,100,0,False
2025-06-10T20:14:11.277195,100,100,100,100,100,100,0,False
2025-06-10T20:14:11.308841,100,100,100,100,100,100,0,False
2025-06-10T20:14:11.340837,100,100,100,100,100,100,0,False
2025-06-10T20:14:11.357116,100,100,100,100,100,100,0,False
2025-06-10T20:14:11.388919,100,100,100,100,100,100,0,False
2025-06-10T20:14:11.435836,100,100,100,100,100,100,0,False
2025-06-10T20:14:11.467505,100,100,100,100,100,100,0,False
2025-06-10T20:14:11.499096,100,100,100,100,100,100,0,False
2025-06-10T20:14:11.529787,100,100,100,100,100,100,0,False
2025-06-10T20:14:11.576279,100,100,100,100,100,100,0,False
2025-06-10T20:14:11.591647,100,100,100,100,100,100,0,False
2025-06-10T20:14:11.638684,100,100,100,100,100,100,0,False
2025-06-10T20:14:11.654419,100,100,100,100,100,100,0,False
2025-06-10T20:14:11.685596,100,100,100,100,100,100,0,False
2025-06-10T20:14:11.749522,100,100,100,100,100,100,0,False
2025-06-10T20:14:11.764193,100,100,100,100,100,100,0,False
2025-06-10T20:14:11.794733,100,100,100,100,100,100,0,False
2025-06-10T20:14:11.826337,100,100,100,100,100,100,0,False
2025-06-10T20:14:11.858885,100,100,100,100,100,100,0,False
2025-06-10T20:14:11.874444,100,100,100,100,100,100,0,False
2025-06-10T20:14:11.936488,100,100,100,100,100,100,0,False
2025-06-10T20:14:11.968507,100,100,100,100,100,100,0,False
2025-06-10T20:14:11.998628,100,100,100,100,100,100,0,False
2025-06-10T20:14:12.029469,100,100,100,100,100,100,0,False
2025-06-10T20:14:12.075725,100,100,100,100,100,100,0,False
2025-06-10T20:14:12.090863,100,100,100,100,100,100,0,False
2025-06-10T20:14:12.121729,100,100,100,100,100,100,0,False
2025-06-10T20:14:12.152533,100,100,100,100,100,100,0,False
2025-06-10T20:14:12.183124,100,100,100,100,100,100,0,False
2025-06-10T20:14:12.244815,100,100,100,100,100,100,0,False
2025-06-10T20:14:12.291083,100,100,100,100,100,100,0,False
2025-06-10T20:14:12.307172,100,100,100,100,100,100,0,False
2025-06-10T20:14:12.338405,100,100,100,100,100,100,0,False
2025-06-10T20:14:12.385406,100,100,100,100,100,100,0,False
2025-06-10T20:14:12.447260,100,100,100,100,100,100,0,False
2025-06-10T20:14:12.477881,100,100,100,100,100,100,0,False
2025-06-10T20:14:12.525379,100,100,100,100,100,100,0,False
2025-06-10T20:14:12.570681,100,100,100,100,100,100,0,False
2025-06-10T20:14:12.586269,100,100,100,100,100,100,0,False
2025-06-10T20:14:12.633177,100,100,100,100,100,100,0,False
2025-06-10T20:14:12.663657,100,100,100,100,100,100,0,False
2025-06-10T20:14:12.694381,100,100,100,100,100,100,0,False
2025-06-10T20:14:12.725461,100,100,100,100,100,100,0,False
2025-06-10T20:14:12.801557,100,100,100,100,100,100,0,False
2025-06-10T20:14:12.847901,100,100,100,100,100,100,0,False
2025-06-10T20:14:12.878637,100,100,100,100,100,100,0,False
2025-06-10T20:14:12.924699,100,100,100,100,100,100,0,False
2025-06-10T20:14:12.939879,100,100,100,100,100,100,0,False
2025-06-10T20:14:12.985565,100,100,100,100,100,100,0,False
2025-06-10T20:14:13.015815,100,100,100,100,100,100,0,False
2025-06-10T20:14:13.047382,100,100,100,100,100,100,0,False
2025-06-10T20:14:13.094161,100,100,100,100,100,100,0,False
2025-06-10T20:14:13.124340,100,100,100,100,100,100,0,False
2025-06-10T20:14:13.170785,100,100,100,100,100,100,0,False
2025-06-10T20:14:13.217468,100,100,100,100,100,100,0,False
2025-06-10T20:14:13.232713,100,100,100,100,100,100,0,False
2025-06-10T20:14:13.264552,100,100,100,100,100,100,0,False
2025-06-10T20:14:13.295618,100,100,100,100,100,100,0,False
2025-06-10T20:14:13.341295,100,100,100,100,100,100,0,False
2025-06-10T20:14:13.356377,100,100,100,100,100,100,0,False
2025-06-10T20:14:13.387276,100,100,100,100,100,100,0,False
2025-06-10T20:14:13.432487,100,100,100,100,100,100,0,False
2025-06-10T20:14:13.462710,100,100,100,100,100,100,0,False
2025-06-10T20:14:13.509492,100,100,100,100,100,100,0,False
2025-06-10T20:14:13.555228,100,100,100,100,100,100,0,False
2025-06-10T20:14:13.587225,100,100,100,100,100,100,0,False
2025-06-10T20:14:13.602595,100,100,100,100,100,100,0,False
2025-06-10T20:14:13.632743,100,100,100,100,100,100,0,False
2025-06-10T20:14:13.663399,100,100,100,100,100,100,0,False
2025-06-10T20:14:13.709850,100,100,100,100,100,100,0,False
2025-06-10T20:14:13.725662,100,100,100,100,100,100,0,False
2025-06-10T20:14:13.757336,100,100,100,100,100,100,0,False
2025-06-10T20:14:13.789195,100,100,100,100,100,100,0,False
2025-06-10T20:14:13.819504,100,100,100,100,100,100,0,False
2025-06-10T20:14:13.865686,100,100,100,100,100,100,0,False
2025-06-10T20:14:13.881419,100,100,100,100,100,100,0,False
2025-06-10T20:14:13.927503,100,100,100,100,100,100,0,False
2025-06-10T20:14:13.958464,100,100,100,100,100,100,0,False
2025-06-10T20:14:14.005450,100,100,100,100,100,100,0,False
2025-06-10T20:14:14.035883,100,100,100,100,100,100,0,False
2025-06-10T20:14:14.083176,100,100,100,100,100,100,0,False
2025-06-10T20:14:14.113459,100,100,100,100,100,100,0,False
2025-06-10T20:14:14.144292,100,100,100,100,100,100,0,False
2025-06-10T20:14:14.191062,100,100,100,100,100,100,0,False
2025-06-10T20:14:14.222689,100,100,100,100,100,100,0,False
2025-06-10T20:14:14.270020,100,100,100,100,100,100,0,False
